CLUSTER ROOT NODE,CLUSTER SIZE,CLUSTER CONTENTS
g2584,8,g2584 I3705 g2316 I3468 g1802 g1064 g102 g89 
g3222,8,g3222 I4465 g2945 I4133 g2040 g1738 g1108 I2134 
g3600,8,g3600 I4791 g2814 I4023 g2315 I3465 g1724 I2724 
g4307,8,g4307 I5774 g3807 I5006 g3604 I4799 g2967 I4166 
g4321,8,g4321 I5790 g3803 I5002 g3612 I4809 g2974 I4173 
g4422,8,g4422 g4111 I5415 g3723 I4903 g3223 I4468 g2583 
g4809,8,g4809 I6485 g4603 I6170 g4343 g4011 g3486 g2869 
g5137,8,g5137 I6789 g4871 I6599 g4823 I6507 g4644 I6231 
g5468,8,g5468 I7150 g5355 I7007 g5314 I6972 g5135 I6783 
g5469,8,g5469 I7153 g5358 I7012 g5316 I6976 g5136 I6786 
g5692,8,g5692 I7451 g5597 I7361 g5566 I7318 g5452 g5315 
g6282,8,g6282 I7996 g6137 I7859 g6032 g5770 g5645 g5537 
g6284,8,g6284 I8002 g6110 g5996 g5883 g5824 g5631 g5536 
g6360,8,g6360 I8144 g6182 g6034 g6047 g5824 g5631 g5536 
g6362,8,g6362 I8150 g6185 g5995 g6055 g5824 g5631 g5536 
g6364,8,g6364 I8156 g6167 g6039 g6056 g5824 g5631 g5536 
g6366,8,g6366 I8162 g6189 g6035 g6060 g5824 g5631 g5536 
g6368,8,g6368 I8168 g6170 g6014 g6061 g5824 g5631 g5536 
g6370,8,g6370 I8174 g6173 g6043 g6066 g5824 g5631 g5536 
g6372,8,g6372 I8180 g6176 g6033 g6068 g5824 g5631 g5536 
g6374,8,g6374 I8186 g6179 g6051 g6077 g5824 g5631 g5536 
g6728,8,g6728 I8878 g6710 I8840 g6657 I8767 g6619 g6515 
g1290,5,g1290 I2275 g909 I1935 g666[IL] 
g4121,8,g4121 I5445 g4040 I5343 g3599 g2935 g2291 I3434 
g4108,8,g4108 I5406 g3976 I5252 g3546 g3095 I4340 g1935 
g4106,8,g4106 I5400 g3963 I5217 g3673 g3075 I4306 g1898 
g4103,8,g4103 I5391 g3975 I5249 g3589 g3094 I4337 g1934 
g1293,5,g1293 I2284 g922 I1947 g699[IL] 
g4099,8,g4099 I5379 g3940 I5177 g3267 g3030 I4243 g1853 
g4102,8,g4102 I5388 g3969 I5233 g3571 g3084 I4321 g1917 
g4109,8,g4109 I5409 g3980 I5264 g3638 g3108 I4354 g1953 
g4100,8,g4100 I5382 g3952 I5182 g3271 g3042 I4261 g1857 
g4112,8,g4112 I5418 g4036 I5337 g3564 g2618 I3758 g2041 
g4105,8,g4105 I5397 g3932 I5169 g3593 g2997 I4192 g1847 
g4101,8,g4101 I5385 g3962 I5214 g3567 g3074 I4303 g1897 
g4110,8,g4110 I5412 g4034 I5333 g3491 g2608 I3746 g2035 
g4104,8,g4104 I5394 g4016 I5320 g3559 g2603 I3733 g2031 
g4107,8,g4107 I5403 g3970 I5236 g3545 g3085 I4324 g1918 
g4098,8,g4098 I5376 g4014 I5316 g3557 g2598 I3726 g2030 
g4130[OL],8,g4130[OL] g4130 I5472 g3846 I5053 g3710 g3029 I4240 
g6823[OL],8,g6823[OL] g6823 I9002 g6802 I8972 g6795 g6772 g6746 
g6940[OL],8,g6940[OL] g6940 I9233 g6938 I9227 g6937 g6934 g6932 
g6102[OL],8,g6102[OL] g6102 I7802 g5920 I7692 g5711 I7472 g5626 
g4147[OL],8,g4147[OL] g4147 I5523 g3840 I5043 g3247 g2973 I4170 
g4841[OL],8,g4841[OL] g4841 I6531 g4704 I6302 g4440 g4371 g3789 
g6725[OL],8,g6725[OL] g6725 I8869 g6694 I8800 g6684 g6643 g6574 
g3232[OL],8,g3232[OL] g3232 I4495 g3022 I4229 g2284 I3431 g1275 
g4119[OL],8,g4119[OL] g4119 I5439 g3730 g3441 I4681 g2947 g2026 
g4141[OL],8,g4141[OL] g4141 I5505 g3860 I5081 g3589 g3094 I4337 
g6726[OL],8,g6726[OL] g6726 I8872 g6695 I8803 g6685 g6644 g6575 
g6507[OL],8,g6507[OL] g6507 I8441 g6419 I8267 g6297 g6248 g5894 
g6590[OL],8,g6590[OL] g6590 I8638 g6553 I8555 g6456 g6346 g6274 
g3231[OL],8,g3231[OL] g3231 I4492 g3001 I4198 g2276 I3425 g1274 
g5330[OL],8,g5330[OL] g5330 I6992 g5151 I6819 g5019 I6661 I6660 
g5147[OL],8,g5147[OL] g5147 I6809 g5051 I6689 g4758 I6382 g4460 
g4839[OL],8,g4839[OL] g4839 I6525 g4770 I6414 g4497 g4166 I5568 
g6105[OL],8,g6105[OL] g6105 I7811 g5921 I7695 g5714 I7475 g5627 
g5138[OL],8,g5138[OL] g5138 I6792 g5097 I6733 g4773 g4220 g4495 
g4122[OL],8,g4122[OL] g4122 I5448 g3960 I5204 g3534 I4752 g2859 
g6827[OL],8,g6827[OL] g6827 I9014 g6820 I8997 g6790 g6773 g6762 
g6745[OL],8,g6745[OL] g6745 I8913 g6743 I8907 g6702 g6659 g6631 
g6405[OL],8,g6405[OL] g6405 I8229 g6330 I8070 g6116 g5910 g5816 
g6729[OL],8,g6729[OL] g6729 I8881 g6711 I8843 g6658 g6620 g6516 
g6595[OL],8,g6595[OL] g6595 I8653 g6531 I8509 g6437 g6302 g5740 
g6826[OL],8,g6826[OL] g6826 I9011 g6819 I8994 g6789 g6769 g6758 
g4134[OL],8,g4134[OL] g4134 I5484 g3875 I5106 g3247 g2973 I4170 
g6599[OL],8,g6599[OL] g6599 I8665 g6527 I8497 g6481 I8370 g6358 
g4857[OL],8,g4857[OL] g4857 I6579 g4798 I6464 g4562 I6132 g4219 
g6406[OL],8,g6406[OL] g6406 I8232 g6332 I8074 g6118 g5911 g5817 
g5148[OL],8,g5148[OL] g5148 I6812 g5110 I6740 g4781 I6437 g4501 
g4117[OL],8,g4117[OL] g4117 I5433 g3728 g3441 I4681 g2947 g2026 
g6582[OL],8,g6582[OL] g6582 I8614 g6537 I8527 g6440 g6336 g6246 
g3229[OL],8,g3229[OL] g3229 I4486 g3093 I4334 g2256 I3395 g1286 
g5700[OL],8,g5700[OL] g5700 g5663 g5550 g5488 g5331 I6995 g5220 
g4136[OL],8,g4136[OL] g4136 I5490 g3832 I5023 g3263 g3015 I4220 
g4858[OL],8,g4858[OL] g4858 I6582 g4765 I6403 g4492 I5998 g4157 
g5876[OL],8,g5876[OL] g5876 I7640 g5773 I7514 g5590 I7352 g5533 
g3239[OL],8,g3239[OL] g3239 I4516 g2777 I3965 g2268 I3419 g1287 
g5698[OL],8,g5698[OL] g5698 g5648 g5545 g5486 g5331 I6995 g5220 
g5328[OL],8,g5328[OL] g5328 I6986 g5230 I6895 g5010 I6646 g4687 
g4133[OL],8,g4133[OL] g4133 I5481 g3866 I5091 g3242 g3083 I4318 
g4847[OL],8,g4847[OL] g4847 I6549 g4699 I6289 g4433 g4354 g3777 
g5877[OL],8,g5877[OL] g5877 I7643 g5752 I7509 g5587 I7349 g5532 
g6597[OL],8,g6597[OL] g6597 I8659 g6523 I8485 g6479 I8349 g6335 
g4120[OL],8,g4120[OL] g4120 I5442 g3731 g3441 I4681 g2947 g2026 
g3235[OL],8,g3235[OL] g3235 I4504 g2726 I3886 g2215 I3352 g1285 
g4137[OL],8,g4137[OL] g4137 I5493 g3834 I5027 g3267 g3030 I4243 
g6407[OL],8,g6407[OL] g6407 I8235 g6312 I8040 g6142 g5909 g5787 
g5470[OL],8,g5470[OL] g5470 g5359 g5155 g5142 g5099 I6737 g4662 
g6841[OL],8,g6841[OL] g6841 I9044 g6836 I9031 g6809 I8981 g6793 
g4149[OL],8,g4149[OL] g4149 I5529 g3854 I5071 g3263 g3015 I4220 
g6101[OL],8,g6101[OL] g6101 I7799 g5918 I7686 g5705 I7466 g5624 
g4844[OL],8,g4844[OL] g4844 I6540 g4714 I6324 g4450 g4389 g3798 
g4113[OL],8,g4113[OL] g4113 I5421 g3724 g3251 I4534 g2858 g2577 
g6504[OL],8,g6504[OL] g6504 I8432 g6411 I8243 g6286 g6238 g5886 
g3224[OL],8,g3224[OL] g3224 I4471 g3040 I4255 g2179 I3328 g1273 
g4855[OL],8,g4855[OL] g4855 I6573 g4721 I6343 g4458 g4401 g3802 
g4424[OL],8,g4424[OL] g4424 I5923 g4299 I5756 g3922 I5157 g3454 
g5582[OL],8,g5582[OL] g5582 I7342 g5579 I7333 g5386 g5227 g5019 
g6502[OL],8,g6502[OL] g6502 I8426 g6424 I8282 g6309 g6265 g5903 
g6107[OL],8,g6107[OL] g6107 I7817 g5924 I7704 g5723 I7484 g5630 
g5472[OL],8,g5472[OL] g5472 g5361 g5168 g5144 g5099 I6737 g4662 
g6602[OL],8,g6602[OL] g6602 I8674 g6521 I8479 g6482 I8379 g6357 
g5581[OL],8,g5581[OL] g5581 I7339 g5540 I7284 g5383 I7045 g5167 
g6587[OL],8,g6587[OL] g6587 I8629 g6544 I8544 g6453 g6343 g6268 
g4145[OL],8,g4145[OL] g4145 I5517 g3885 I5124 g3719 g3053 I4276 
g2585[OL],8,g2585[OL] g2585 I3708 g1946 I3053 g1407 g866 g314 
g4842[OL],8,g4842[OL] g4842 I6534 g4706 I6308 g4443 g4377 g3791 
g2586[OL],8,g2586[OL] g2586 I3711 g1848 I2946 g1587 g1123 I2165 
g1291[OL],6,g1291[OL] g1291 I2278 g917 I1942 g664[IL] 
g4118[OL],8,g4118[OL] g4118 I5436 g3729 g3441 I4681 g2947 g2026 
g3225[OL],8,g3225[OL] g3225 I4474 g3052 I4273 g2197 I3340 g1282 
g4853[OL],8,g4853[OL] g4853 I6567 g4715 I6327 g4451 g4390 g3799 
g4849[OL],8,g4849[OL] g4849 I6555 g4703 I6299 g4438 g4363 g3786 
g6512[OL],8,g6512[OL] g6512 I8456 g6417 I8261 g6298 g6255 g5895 
g3233[OL],8,g3233[OL] g3233 I4498 g2686 I3830 g2179 I3328 g1273 
g4851[OL],8,g4851[OL] g4851 I6561 g4707 I6311 g4444 g4378 g3792 
g4856[OL],8,g4856[OL] g4856 I6576 g4700 I6292 g4434 g4355 g3778 
g6854[OL],8,g6854[OL] g6854 I9085 g6850 I9077 g6845 I9064 g6831 
g1831[OL],7,g1831[OL] g1831 I2907 g1498 I2479 g1049 g266[IL] 
g4843[OL],8,g4843[OL] g4843 I6537 g4711 I6315 g4446 g4383 g3796 
g6510[OL],8,g6510[OL] g6510 I8450 g6412 I8246 g6290 g6245 g5889 
g6591[OL],8,g6591[OL] g6591 I8641 g6524 I8488 g6426 g6288 g5615 
g4846[OL],8,g4846[OL] g4846 I6546 g4692 I6280 g4430 g4349 g3775 
g1288[OL],6,g1288[OL] g1288 I2269 g899 I1924 g663[IL] 
g5478[OL],8,g5478[OL] g5478 I7170 g5435 I7113 g5295 g5047 g4766 
g6840[OL],8,g6840[OL] g6840 I9041 g6835 I9028 g6806 I8978 g6792 
g6594[OL],8,g6594[OL] g6594 I8650 g6529 I8503 g6434 I8300 g6299 
g5580[OL],8,g5580[OL] g5580 I7336 g5534 I7276 g5375 I7029 g5149 
g6853[OL],8,g6853[OL] g6853 I9082 g6849 I9074 g6844 I9057 g6830 
g4840[OL],8,g4840[OL] g4840 I6528 g4815 I6495 g4607 g4232 I5674 
g4150[OL],8,g4150[OL] g4150 I5532 g3861 I5084 g3593 g2997 I4192 
g5490[OL],8,g5490[OL] g5490 I7190 g5432 I7104 g5273 I6930 g5017 
g6511[OL],8,g6511[OL] g6511 I8453 g6414 I8252 g6294 g6249 g5892 
g4142[OL],8,g4142[OL] g4142 I5508 g3867 I5094 g3705 g3014 I4217 
g4845[OL],8,g4845[OL] g4845 I6543 g4718 I6334 g4454 g4395 g3800 
g5694[OL],8,g5694[OL] g5694 g5633 g5539 g5482 g5331 I6995 g5220 
g6722[OL],8,g6722[OL] g6722 I8860 g6699 I8815 g6689 g6648 g6579 
g4139[OL],8,g4139[OL] g4139 I5499 g3847 I5056 g3567 g3074 I4303 
g5480[OL],8,g5480[OL] g5480 I7176 g5437 I7119 g5303 g5053 g4768 
g5697[OL],8,g5697[OL] g5697 g5646 g5544 g5485 g5331 I6995 g5220 
g6498[OL],8,g6498[OL] g6498 I8414 g6418 I8264 g6296 g6247 g5893 
g4126[OL],8,g4126[OL] g4126 I5460 g3771 I4964 g3673 g3075 I4306 
g5471[OL],8,g5471[OL] g5471 g5360 g5160 g5143 g5099 I6737 g4662 
g6505[OL],8,g6505[OL] g6505 I8435 g6413 I8249 g6289 g6240 g5888 
g6588[OL],8,g6588[OL] g6588 I8632 g6548 I8548 g6454 g6344 g6272 
g5475[OL],8,g5475[OL] g5475 I7161 g5465 I7143 g5323 g4802 I6470 
g4148[OL],8,g4148[OL] g4148 I5526 g3848 I5059 g3259 g2996 I4189 
g6501[OL],8,g6501[OL] g6501 I8423 g6423 I8279 g6307 g6262 g5901 
g6506[OL],8,g6506[OL] g6506 I8438 g6416 I8258 g6293 g6244 g5891 
g4135[OL],8,g4135[OL] g4135 I5487 g3881 I5116 g3259 g2996 I4189 
g5479[OL],8,g5479[OL] g5479 I7173 g5436 I7116 g5299 I6949 g5050 
g6824[OL],8,g6824[OL] g6824 I9005 g6817 I8988 g6787 g6766 g6750 
g3240[OL],8,g3240[OL] g3240 I4519 g2788 I3983 g2276 I3425 g1274 
g5476[OL],8,g5476[OL] g5476 I7164 g5433 I7107 g5277 g4763 I6397 
g3230[OL],8,g3230[OL] g3230 I4489 g2975 I4176 g2268 I3419 g1287 
g6721[OL],8,g6721[OL] g6721 I8857 g6698 I8812 g6688 g6647 g6578 
g3227[OL],8,g3227[OL] g3227 I4480 g3073 I4300 g2234 I3367 g1283 
g6925[OL],8,g6925[OL] g6925 I9208 g6922 I9203 g6921 g6908 g6907 
g5477[OL],8,g5477[OL] g5477 I7167 g5434 I7110 g5291 g4764 I6400 
g5489[OL],8,g5489[OL] g5489 I7187 g5387 I7051 g5219 I6885 g4872 
g4131[OL],8,g4131[OL] g4131 I5475 g3852 I5065 g3714 g3041 I4258 
g6727[OL],8,g6727[OL] g6727 I8875 g6697 I8809 g6687 g6646 g6577 
g4140[OL],8,g4140[OL] g4140 I5502 g3853 I5068 g3571 g3084 I4321 
g6842[OL],8,g6842[OL] g6842 I9047 g6838 I9035 g6812 I8984 g6794 
g4423[OL],8,g4423[OL] g4423 I5920 g4228 I5668 g3828 g3304 g2857 
g6723[OL],8,g6723[OL] g6723 I8863 g6700 I8818 g6690 g6650 g6580 
g6724[OL],8,g6724[OL] g6724 I8866 g6701 I8821 g6691 g6603 g6581 
g4132[OL],8,g4132[OL] g4132 I5478 g3859 I5078 g3719 g3053 I4276 
g6401[OL],8,g6401[OL] g6401 I8217 g6319 I8051 g6108 g5898 g5800 
g5491[OL],8,g5491[OL] g5491 I7193 g5466 I7146 g5231 g5048 g4819 
g4127[OL],8,g4127[OL] g4127 I5463 g3783 I4980 g3546 g3095 I4340 
g6278[OL],8,g6278[OL] g6278 I7966 g6166 I7892 g5916 g5728 g5623 
g6106[OL],8,g6106[OL] g6106 I7814 g5922 I7698 g5717 I7478 g5628 
g6744[OL],8,g6744[OL] g6744 I8910 g6730 I8884 g6704 g6660 g6640 
g6404[OL],8,g6404[OL] g6404 I8226 g6328 I8066 g6114 g5904 g5812 
g4138[OL],8,g4138[OL] g4138 I5496 g3839 I5040 g3271 g3042 I4261 
g3228[OL],8,g3228[OL] g3228 I4483 g3082 I4315 g2245 I3382 g1284 
g1289[OL],6,g1289[OL] g1289 I2272 g908 I1932 g667[IL] 
g4123[OL],8,g4123[OL] g4123 I5451 g3967 I5223 g3537 I4757 g2861 
g4658[OL],8,g4658[OL] g4658 I6247 g4609 I6182 g4249 I5699 g3844 
g5878[OL],8,g5878[OL] g5878 I7646 g5774 I7517 g5593 I7355 g5535 
g4125[OL],8,g4125[OL] g4125 I5457 g3766 I4955 g3673 g3075 I4306 
g4124[OL],8,g4124[OL] g4124 I5454 g3874 I5103 g3440 I4678 g2670 
g5874[OL],8,g5874[OL] g5874 I7634 g5727 I7490 g5583 g5569 g5348 
g6103[OL],8,g6103[OL] g6103 I7805 g5923 I7701 g5720 I7481 g5629 
g1294[OL],6,g1294[OL] g1294 I2287 g927 I1958 g702 
g1292[OL],6,g1292[OL] g1292 I2281 g900 I1927 g665[IL] 
g4115[OL],8,g4115[OL] g4115 I5427 g3726 g3251 I4534 g2858 g2577 
g6584[OL],8,g6584[OL] g6584 I8620 g6541 I8535 g6447 g6340 g6257 
g6596[OL],8,g6596[OL] g6596 I8656 g6532 I8512 g6441 I8309 g6304 
g3226[OL],8,g3226[OL] g3226 I4477 g3063 I4288 g2215 I3352 g1285 
g2587[OL],8,g2587[OL] g2587 I3714 g1852 I2952 g1594 g1143 I2172 
g4657[OL],8,g4657[OL] g4657 I6244 g4519 I6069 g4213 I5633 g3768 
g6589[OL],8,g6589[OL] g6589 I8635 g6552 I8552 g6455 g6345 g6273 
g3234[OL],8,g3234[OL] g3234 I4501 g2705 I3858 g2197 I3340 g1282 
g3238[OL],8,g3238[OL] g3238 I4513 g2765 I3946 g2256 I3395 g1286 
g6592[OL],8,g6592[OL] g6592 I8644 g6526 I8494 g6428 I8290 g6291 
g5473[OL],8,g5473[OL] g5473 g5362 g5174 g5145 g5099 I6737 g4662 
g4114[OL],8,g4114[OL] g4114 I5424 g3725 g3251 I4534 g2858 g2577 
g6800[OL],8,g6800[OL] g6800 I8966 g6796 I8958 g6774 g6750 g6736 
g5141[OL],8,g5141[OL] g5141 I6801 g5045 I6677 g4757 g4456 g4158 
g4854[OL],8,g4854[OL] g4854 I6570 g4719 I6337 g4455 g4396 g3801 
g6839[OL],8,g6839[OL] g6839 I9038 g6833 I9024 g6803 I8975 g6791 
g5699[OL],8,g5699[OL] g5699 g5660 g5549 g5487 g5331 I6995 g5220 
g3236[OL],8,g3236[OL] g3236 I4507 g2739 I3906 g2234 I3367 g1283 
g6601[OL],8,g6601[OL] g6601 I8671 g6519 I8473 g6485 I8395 g6280 
g5875[OL],8,g5875[OL] g5875 I7637 g5751 I7506 g5584 I7346 g5531 
g4425[OL],8,g4425[OL] g4425 I5926 g4153 I5545 g3814 g3546 g3095 
g5329[OL],8,g5329[OL] g5329 I6989 g5307 I6959 g5089 I6723 g4761 
g5695[OL],8,g5695[OL] g5695 g5635 g5542 g5483 g5331 I6995 g5220 
g6499[OL],8,g6499[OL] g6499 I8417 g6420 I8270 g6300 g6253 g5896 
g6825[OL],8,g6825[OL] g6825 I9008 g6818 I8991 g6788 g6767 g6754 
g5693[OL],8,g5693[OL] g5693 g5632 g5538 g5481 g5331 I6995 g5220 
g4850[OL],8,g4850[OL] g4850 I6558 g4705 I6305 g4441 g4372 g3790 
g3237[OL],8,g3237[OL] g3237 I4510 g2753 I3927 g2245 I3382 g1284 
g6497[OL],8,g6497[OL] g6497 I8411 g6415 I8255 g6292 g6243 g5890 
g6100[OL],8,g6100[OL] g6100 I7796 g5917 I7683 g5702 I7463 g5622 
g6509[OL],8,g6509[OL] g6509 I8447 g6410 I8240 g6287 g6241 g5887 
g4128[OL],8,g4128[OL] g4128 I5466 g3787 I4986 g3638 g3108 I4354 
g4116[OL],8,g4116[OL] g4116 I5430 g3727 g3251 I4534 g2858 g2577 
g6503[OL],8,g6503[OL] g6503 I8429 g6425 I8285 g6310 g6269 g5908 
g3241[OL],8,g3241[OL] g3241 I4522 g2801 I4003 g2284 I3431 g1275 
g6277[OL],8,g6277[OL] g6277 I7963 g6276 I7960 g5925 I7707 g5701 
g5139[OL],8,g5139[OL] g5139 I6795 g5022 I6666 g4740 g4448 g4154 
g6598[OL],8,g6598[OL] g6598 I8662 g6525 I8491 g6480 I8360 g6359 
g6600[OL],8,g6600[OL] g6600 I8668 g6530 I8506 g6483 I8387 g6281 
g4129[OL],8,g4129[OL] g4129 I5469 g3838 I5037 g3705 g3014 I4217 
g6593[OL],8,g6593[OL] g6593 I8647 g6528 I8500 g6431 I8295 g6295 
g6801[OL],8,g6801[OL] g6801 I8969 g6797 I8961 g6778 g6758 g6738 
g4426[OL],8,g4426[OL] g4426 I5929 g4152 I5542 g3984 g3564 g2618 
g5474[OL],8,g5474[OL] g5474 g5363 g5179 g5146 g5099 I6737 g4662 
g5140[OL],8,g5140[OL] g5140 I6798 g5042 I6672 g4752 g4452 g4155 
g5696[OL],8,g5696[OL] g5696 g5637 g5543 g5484 g5331 I6995 g5220 
g4852[OL],8,g4852[OL] g4852 I6564 g4712 I6318 g4447 g4384 g3797 
g4848[OL],8,g4848[OL] g4848 I6552 g4702 I6296 g4436 g4359 g3782 
g4659[OL],8,g4659[OL] g4659 I6250 g4514 I6054 g4194 I5612 g3910 
g6583[OL],8,g6583[OL] g6583 I8617 g6539 I8531 g6444 g6338 g6251 
g6402[OL],8,g6402[OL] g6402 I8220 g6322 I8056 g6109 g5900 g5804 
g4144[OL],8,g4144[OL] g4144 I5514 g3882 I5119 g3714 g3041 I4258 
g6104[OL],8,g6104[OL] g6104 I7808 g5919 I7689 g5708 I7469 g5625 
g6941[OL],8,g6941[OL] g6941 I9236 g6939 I9230 g6936 g6935 g6933 
g6403[OL],8,g6403[OL] g6403 I8223 g6325 I8061 g6113 g5902 g5808 
g6500[OL],8,g6500[OL] g6500 I8420 g6422 I8276 g6303 g6258 g5899 
g6508[OL],8,g6508[OL] g6508 I8444 g6421 I8273 g6301 g6254 g5897 
g6586[OL],8,g6586[OL] g6586 I8626 g6543 I8541 g6452 g6342 g6264 
g4146[OL],8,g4146[OL] g4146 I5520 g3835 I5030 g3242 g3083 I4318 
g4143[OL],8,g4143[OL] g4143 I5511 g3876 I5109 g3710 g3029 I4240 
g6720[OL],8,g6720[OL] g6720 I8854 g6696 I8806 g6686 g6645 g6576 
g6585[OL],8,g6585[OL] g6585 I8623 g6542 I8538 g6450 g6341 g6261 
g705,1,g705 
g1220,3,g1220 I2221 g43[IL] 
g2390,5,g2390 I3531 g1593 g1054 g485[IL] 
g2408,5,g2408 I3546 g1586 g1052 g668[IL] 
g1830,5,g1830 I2904 g1256 g838 g564 
g2433,8,g2433 g1449 g1048 g492[IL] g1418 g943 g496[IL] g489[IL] 
g4350,8,g4350 g4010 g3601 I4794 g2814 I4023 g2315 I3465 
g4822,8,g4822 g4614 g4308 I5777 g3807 I5006 g3604 I4799 
g4824,8,g4824 g4615 g4322 I5793 g3803 I5002 g3612 I4809 
g4612,8,g4612 g4320 g4011 g3486 g2869 g2433 g1449 g1048 
g5116,8,g5116 g4810 I6488 g4603 I6170 g4343 g4011 g3486 
g5385,8,g5385 g5318 g5060 g4819 I6501 I6500 I6499 g4504 
g3752,8,g3752 I4935 g3369 I4646 g2602 g2061 I3170 I3169 
g5467,8,g5467 g5318 g5060 g4819 I6501 I6500 I6499 g4504 
g1692,5,g1692 I2696 g1156 I2175 g25[IL] 
g1696,5,g1696 I2700 g1173 I2185 g29[IL] 
g1699,5,g1699 I2703 g1189 I2196 g3[IL] 
g1703,5,g1703 I2707 g1190 I2199 g33[IL] 
g1711,5,g1711 I2712 g1203 I2207 g7[IL] 
g1721,5,g1721 I2721 g1219 I2218 g11[IL] 
g1726,5,g1726 I2728 g1232 I2228 g15[IL] 
g1735,5,g1735 I2745 g1249 I2240 g19[IL] 
g6115,8,g6115 g5879 g5770 g5645 g5537 g5385 g5318 g5060 
g6408,8,g6408 g6283 I7999 g6137 I7859 g6032 g5770 g5645 
g1637,4,g1637 I2596 g985 g638[IL] 
g1788,3,g1788 g985 g638[IL] 
g1627,4,g1627 I2584 g839 g567 
I3040,5,I3040 g1770 I2805 g1205 g45 
I2995,5,I2995 g1742 I2756 g1175 g42 
I3037,5,I3037 g1769 I2802 g1204 g39 
I2955,5,I2955 g1729 I2731 g1117 g32 
I3016,5,I3016 g1754 I2773 g1191 g38 
I3062,5,I3062 g1776 I2821 g1221 g46 
I2961,5,I2961 g1731 I2735 g1118 g36 
I3152,5,I3152 g1322 I2321 g898 g47 
I2943,5,I2943 g1715 I2716 g1115 g40 
I2992,5,I2992 g1741 I2753 g1174 g37 
I3144,5,I3144 g1319 I2312 g897 g41 
I3140,5,I3140 g1317 I2306 g896 g22 
I3019,5,I3019 g1755 I2776 g1192 g44 
I3137,5,I3137 g1315 I2296 g893 g23 
g2165,6,g2165 I3294 g1720 g1111 I2143 g2[IL] 
g4867,8,g4867 g4811 g4432 g4429 g4253 g3819 g3437 g2853 
g3312,8,g3312 I4587 g2962 g2008 g1784 g858 g301 g889 
I8916,8,I8916 g6742 g6716 g6682 g6683 g6623 I8727 g6536 
g4616,8,g4616 g3761 g3605 g4231 g4000 g3997 g3425 I4802 
g3605,8,g3605 I4802 g2877 g2434 g1620 g1056 g1084 g98 
I9217,8,I9217 g6931 g6929 g6927 g6924 g6919 g6914 g6912 
g5496,8,g5496 g5446 g5241 g5069 g4688 g4568 g4233 g3912 
g3285,8,g3285 g2653 I3797 g2125 I3255 g1650 I2627 g1053 
g2157,6,g2157 I3278 g1695 g1106 I2128 g18[IL] 
g4038,8,g4038 g3388 I4667 g2908 g2010 g1459 g1470 g1473 
g461[IL],1,g461[IL] 
g3388,8,g3388 I4667 g2908 g2010 g1459 g1470 g1473 g948 
g6250,8,g6250 g6036 g5824 g5631 g5536 g5467 g5318 g5060 
g6229,8,g6229 g6036 g5824 g5631 g5536 g5467 g5318 g5060 
g6484,8,g6484 g6361 I8147 g6182 g6034 g6047 g5824 g5631 
g842,2,g842 g571[IL] 
g328[IL],1,g328[IL] 
g1411,4,g1411 g873 g306 g314 
g1359,4,g1359 g866 g314 g306 
g1402,6,g1402 g873 g306 g866 g314 g310 
g1398,4,g1398 g889 g310 g306 
g901,3,g901 g310 g314 
g1934,6,g1934 I3037 g1769 I2802 g1204 g39 
g6256,8,g6256 g6040 g5824 g5631 g5536 g5467 g5318 g5060 
g6230,8,g6230 g6040 g5824 g5631 g5536 g5467 g5318 g5060 
g6486,8,g6486 g6363 I8153 g6185 g5995 g6055 g5824 g5631 
g6089,8,g6089 g5731 g5688 g5546 g5388 g5318 g5060 g4819 
g465[IL],1,g465[IL] 
g5954,8,g5954 g5813 I7612 g5605 g5500 g5430 g5161 g5121 
g6087,8,g6087 g5813 I7612 g5605 g5500 g5430 g5161 g5095 
g5682,8,g5682 g5578 g5425 I7091 g5281 g5124 I6780 g4825 
g5956,8,g5956 g5783 I7578 I7577 I7576 g5680 g5562 g5457 
g856,2,g856 g654[IL] 
g3541,8,g3541 g2643 I3785 g2346 I3496 g1326 g894 I1917 
I6659,8,I6659 g4762 I6392 I6391 I6390 g4504 I6028 I6027 
g4762,8,g4762 I6392 I6391 I6390 g4504 I6028 I6027 I6026 
g4218,8,g4218 I5640 g3770 I4961 g3597 I4784 I4783 I4782 
g1539,3,g1539 g878 g639 
g3784,8,g3784 g3251 I4534 g2858 g2577 g1793 g1084 g1797 
g3897,8,g3897 g3251 I4534 g2858 g2577 g1793 g1084 g1797 
g5497,8,g5497 g5447 g5256 g5077 g4694 g4578 g4234 g3921 
g3286,8,g3286 g2656 I3800 g2145 I3268 g1656 I2635 g1055 
I5644,8,I5644 g4059 g3466 I4706 g2877 g2434 g3425 g3208 
g3913,8,g3913 g3449 g2946 g2296 I3441 g1502 g709 g114[IL] 
g4292,8,g4292 g4059 g3466 I4706 g2877 g2434 g3425 g3208 
g2112,8,g2112 I3240 g1460 I2457 g1253 I2246 I2245 I2244 
g1649,3,g1649 g985 g638[IL] 
g3765,8,g3765 g3485 g2986 g2010 g1459 g1470 g1473 g948 
g2986,8,g2986 g2010 g1459 g1470 g1473 g948 I2015 I2014 
g6679,8,g6679 g6637 g6549 g6473 g6397 I8203 I8202 g6558 
g6628,8,g6628 g6540 g6474 g6397 I8203 I8202 I8201 g6192 
g6739,8,g6739 g6715 g6673 g6640 g6549 g6473 g6397 I8203 
g6634,8,g6634 g6545 g6468 g6394 I8196 I8195 I8194 g6188 
g1838,8,g1838 g1595 I2566 g736 I1841 g207[IL] g749 I1847 
g6545,8,g6545 g6468 g6394 I8196 I8195 I8194 g6188 g5950 
g5617,8,g5617 g5524 I7264 g5458 g5061 g5311 g5013 I6701 
g5667,8,g5667 g5524 I7264 g5458 g5311 g5013 g4826 g4463 
g5378,8,g5378 g5260 g4938 I6630 g4745 g4569 I6143 g4237 
g5620,8,g5620 g5507 I7239 I7238 I7237 g5374 g5215 g5090 
g6132,8,g6132 g5880 g5824 g5631 g5536 g5467 g5318 g5060 
g6117,8,g6117 g5880 g5824 g5631 g5536 g5467 g5318 g5060 
g6409,8,g6409 g6285 I8005 g6110 g5996 g5883 g5824 g5631 
g6121,8,g6121 I7835 g5926 g5741 g5602 g5515 g5364 g5194 
g6164,8,g6164 g5926 g5741 g5602 g5515 g5364 g5194 g4874 
I7501,8,I7501 g5596 I7358 g5565 I7313 I7312 I7311 g5364 
g3764,8,g3764 g3480 g2986 g2010 g1459 g1470 g1473 g948 
g6673,8,g6673 g6640 g6549 g6473 g6397 I8203 I8202 g6559 
g6738,8,g6738 g6713 g6679 g6637 g6549 g6473 g6397 I8203 
I8367,8,I8367 g6313 g6194 I7906 g5912 g6144 g5997 g6127 
I8368,8,I8368 g6321 g6212 I7910 g5905 g6148 g6015 g5852 
I8369,8,I8369 g5240 g4915 g4669 g5233 g4980 g4678 g5159 
g5214,8,g5214 g5025 g4814 g4550 I6126 g4240 g3793 g3491 
I8126,8,I8126 g6194 I7906 g5912 g5997 g5975 g5958 g5853 
I8127,8,I8127 g6212 I7910 g5905 g6015 g5852 g5638 I7397 
I8128,8,I8128 g5202 g4894 g4813 g4914 g4816 g4904 g4812 
I8129,8,I8129 g5025 g4814 g4915 g4669 g4550 I6126 g4240 
g3911,8,g3911 I5148 g3450 I4688 g3207 I4446 I4445 I4444 
g1655,3,g1655 g985 g638[IL] 
g5619,8,g5619 g5527 I7267 g5458 g5064 g5311 g5013 I6706 
g5670,8,g5670 g5527 I7267 g5458 g5311 g5013 g4826 g4463 
g5380,8,g5380 g5264 g4943 I6635 g4745 g4569 I6143 g4237 
g5621,8,g5621 g5508 I7246 I7245 I7244 g5377 g5217 g5092 
g4250,8,g4250 I5702 g3845 I5050 g3246 I4528 I4527 I4526 
g1671,3,g1671 g985 g638[IL] 
g326[IL],1,g326[IL] 
g5935,8,g5935 g5784 I7583 g5605 g5500 g5430 g5161 g5112 
g6065,8,g6065 g5784 I7583 g5605 g5500 g5430 g5161 g5095 
g5665,8,g5665 g5570 g5392 I7058 g5281 g5124 I6780 g4825 
g5937,8,g5937 g5775 I7522 I7521 I7520 g5659 g5551 I7295 
g854,2,g854 g646[IL] 
g4513,8,g4513 I6051 g4185 g3906 g3575 I4777 g2962 g2008 
g394[IL],1,g394[IL] 
g4903,8,g4903 g4717 g4465 g4253 g3819 g3437 g2853 g2021 
g2164,6,g2164 I3291 g1714 g1110 I2140 g28[IL] 
g3830,8,g3830 I5019 g3318 I4593 g2966 I4161 I4160 I4159 
g1533,3,g1533 g878 g639 
g5351,8,g5351 g5326 g5069 g4688 g4568 g4233 g3912 g3505 
g3290,8,g3290 g2664 I3808 g2125 I3255 g1650 I2627 g1053 
g855,2,g855 g650[IL] 
g4507,8,g4507 I6033 g4179 g3902 g3575 I4777 g2962 g2008 
g386[IL],1,g386[IL] 
g4493,8,g4493 I6001 g4162 I5562 g4002 I5294 I5293 I5292 
g1542,3,g1542 g878 g639 
g2171,6,g2171 I3304 g1740 g1116 I2154 g14[IL] 
g4032,8,g4032 g3388 I4667 g2908 g2010 g1459 g1470 g1473 
g437[IL],1,g437[IL] 
g5350,8,g5350 g5325 g5077 g4694 g4578 g4234 g3921 g3512 
g3278,8,g3278 g2628 I3770 g2145 I3268 g1656 I2635 g1055 
I8345,8,I8345 g6326 g6194 I7906 g5912 g6157 g6140 g6135 
I8346,8,I8346 g6334 g6212 I7910 g5905 g6159 g6015 g5852 
I8347,8,I8347 g5193 g5154 g5157 g5188 g4894 g4813 g4904 
I8348,8,I8348 g5225 g5054 g5218 g5234 g5229 g4816 g5025 
I8079,8,I8079 g6194 I7906 g5912 g5997 g5975 g5958 g5853 
I8080,8,I8080 g6212 I7910 g5905 g6015 g5852 g5638 I7397 
I8081,8,I8081 g4894 g4813 g4904 g4812 g4967 g4993 g4674 
I8082,8,I8082 g5054 g4816 g5025 g4814 g4915 g4669 g4980 
g331[IL],1,g331[IL] 
g852,2,g852 g634[IL] 
g1853,6,g1853 I2955 g1729 I2731 g1117 g32 
g3806,8,g3806 g2024 g3384 g2834 I4040 g2025 g1276 g847 
g3384,8,g3384 g2834 I4040 g2025 g1276 g847 g590[IL] g1279 
g5685,8,g5685 g5552 g5356 g5265 g4865 g4776 g4863 g4777 
g4428,8,g4428 I5933 g4346 g3773 g3466 I4706 g2877 g2434 
g148[IL],1,g148[IL] 
g4640,8,g4640 g4402 g4017 g3425 g3208 g2551 g1826 g710 
g6771,8,g6771 g6758 g6738 g6713 g6679 g6673 g6637 g6549 
g3323,8,g3323 g2716 I3871 g2145 I3268 g1656 I2635 g1055 
g5494,8,g5494 g5443 g5251 g5069 g4688 g4568 g4233 g3912 
g3280,8,g3280 g2637 I3779 g2125 I3255 g1650 I2627 g1053 
g4047,8,g4047 g3388 I4667 g2908 g2010 g1459 g1470 g1473 
g449[IL],1,g449[IL] 
g117[IL],1,g117[IL] 
g1815,4,g1815 g1070 g94 g102 
g1743,4,g1743 g1064 g102 g94 
g1138,3,g1138 g98 g102 
g6079,8,g6079 g5753 g5688 g5546 g5388 g5318 g5060 g4819 
g528[IL],1,g528[IL] 
g4057,8,g4057 g3388 I4667 g2908 g2010 g1459 g1470 g1473 
g426[IL],1,g426[IL] 
g2933,8,g2933 I4123 g2043 I3158 g1829 I2899 I2898 I2897 
g1660,3,g1660 g985 g638[IL] 
g669[IL],1,g669[IL] 
g3559,8,g3559 g2603 I3733 g2031 I3140 g1317 I2306 g896 
I6660,8,I6660 I6659 g4762 I6392 I6391 I6390 g4504 I6028 
I6661,8,I6661 I6659 g4762 I6392 I6391 I6390 g4504 I6028 
g6098,8,g6098 g5753 g5688 g5546 g5388 g5318 g5060 g4819 
g520[IL],1,g520[IL] 
g5501,8,g5501 g5454 g5256 g5077 g4694 g4578 g4234 g3921 
g3309,8,g3309 g2695 I3843 g2145 I3268 g1656 I2635 g1055 
g4435,8,g4435 I5944 g4356 g3779 g3466 I4706 g2877 g2434 
g166[IL],1,g166[IL] 
I8376,8,I8376 g6315 g6194 I7906 g5912 g6146 g6129 g6126 
I8377,8,I8377 g6324 g6212 I7910 g5905 g6150 g6015 g5852 
I8378,8,I8378 g5245 g5235 g5166 g5173 g4915 g4669 g4980 
g5212,8,g5212 g5025 g4814 g4550 I6126 g4240 g3793 g3491 
I8117,8,I8117 g6194 I7906 g5912 g5997 g5975 g5958 g5853 
I8118,8,I8118 g6212 I7910 g5905 g6015 g5852 g5638 I7397 
I8119,8,I8119 g5202 g4894 g4813 g4914 g4816 g4904 g4812 
I8120,8,I8120 g5025 g4814 g4915 g4669 g4550 I6126 g4240 
g5011,8,g5011 I6649 g4693 I6283 g4613 I6196 I6195 I6194 
g1556,3,g1556 g878 g639 
g5945,8,g5945 g5801 I7600 g5605 g5500 g5430 g5161 g5118 
g6078,8,g6078 g5801 I7600 g5605 g5500 g5430 g5161 g5095 
g5677,8,g5677 g5575 g5411 I7077 g5281 g5124 I6780 g4825 
g5951,8,g5951 g5780 I7557 I7556 I7555 g5674 g5558 g5450 
g2170,6,g2170 I3301 g1730 g1114 I2150 g10[IL] 
g4041,8,g4041 g3388 I4667 g2908 g2010 g1459 g1470 g1473 
g457[IL],1,g457[IL] 
g690[IL],1,g690[IL] 
g327[IL],1,g327[IL] 
g849,2,g849 g598[IL] 
g4048,8,g4048 g3388 I4667 g2908 g2010 g1459 g1470 g1473 
g418[IL],1,g418[IL] 
g4037,8,g4037 g3388 I4667 g2908 g2010 g1459 g1470 g1473 
g402[IL],1,g402[IL] 
g6093,8,g6093 g5742 g5686 g5546 g5388 g5318 g5060 g4819 
g1335,5,g1335 I2358 g1176 I2190 g297[IL] 
g4042,8,g4042 g3388 I4667 g2908 g2010 g1459 g1470 g1473 
g410[IL],1,g410[IL] 
g4033,8,g4033 g3388 I4667 g2908 g2010 g1459 g1470 g1473 
g430[IL],1,g430[IL] 
I9065,8,I9065 g6333 g6212 I7910 g5905 g6158 g6015 g5852 
I9066,8,I9066 g6400 I8209 I8208 g6212 I7910 g6194 I7906 
g6323,8,g6323 g6194 I7906 g5912 g5853 g5638 I7397 g5561 
g6829,8,g6829 g6806 I8978 g6792 g6770 g6754 g6737 g6714 
g6155,8,g6155 g5997 g5854 g5638 I7397 g5561 g5391 I7055 
g6812,8,g6812 I8984 g6794 g6777 g6762 g6739 g6715 g6673 
g5975,8,g5975 g5821 g5638 I7397 g5561 g5391 I7055 g5318 
g4043,8,g4043 g3388 I4667 g2908 g2010 g1459 g1470 g1473 
g453[IL],1,g453[IL] 
g6086,8,g6086 g5742 g5686 g5546 g5388 g5318 g5060 g4819 
g1329,5,g1329 I2340 g1142 I2169 g269[IL] 
g6119,8,g6119 I7829 g5926 g5741 g5602 g5515 g5364 g5194 
g6160,8,g6160 g5926 g5741 g5602 g5515 g5364 g5194 g4874 
I7372,8,I7372 g5493 I7197 g5431 I7099 I7098 I7097 g5194 
g4015,8,g4015 g3388 I4667 g2908 g2010 g1459 g1470 g1473 
g441[IL],1,g441[IL] 
g3954,8,g3954 g3489 g2607 I3741 I3740 I3739 g2021 g1436 
g4806,8,g4806 g4473 g4253 g3819 g3575 g3437 g2853 I4777 
I6406,8,I6406 g4473 g4253 g3819 g3575 g3437 g2853 I4777 
g6770,8,g6770 g6754 g6737 g6714 g6670 g6676 g6634 g6545 
g3321,8,g3321 g2713 I3868 g2125 I3255 g1650 I2627 g1053 
g5530,8,g5530 I7270 g5352 I7002 g5308 I6964 I6963 I6962 
g6163,8,g6163 g5926 g5741 g5602 g5515 g5364 g5194 g4874 
g4910,8,g4910 I6612 g4660 I6253 g4608 I6177 I6176 I6175 
g1480,3,g1480 g985 g638[IL] 
I9058,8,I9058 g6331 g6212 I7910 g5905 g6156 g6015 g5852 
I9059,8,I9059 g6279 I7970 I7969 g6212 I7910 g6194 I7906 
g6320,8,g6320 g6194 I7906 g5912 g5853 g5638 I7397 g5561 
g6828,8,g6828 g6803 I8975 g6791 g6768 g6750 g6736 g6712 
g6153,8,g6153 g5997 g5854 g5638 I7397 g5561 g5391 I7055 
g6809,8,g6809 I8981 g6793 g6771 g6758 g6738 g6713 g6679 
g3899,8,g3899 g3441 I4681 g2947 g2026 g1398 g889 g1402 
g4003,8,g4003 g3441 I4681 g2947 g2026 g1398 g889 g1402 
g1847,6,g1847 I2943 g1715 I2716 g1115 g40 
g4784,8,g4784 I6444 g4503 I6023 g4151 I5537 I5536 I5535 
g1679,3,g1679 g985 g638[IL] 
g6090,8,g6090 g5742 g5686 g5546 g5388 g5318 g5060 g4819 
g1332,5,g1332 I2349 g1160 I2179 g293[IL] 
g2163,6,g2163 I3288 g1710 g1109 I2137 g1[IL] 
g4051,8,g4051 g3388 I4667 g2908 g2010 g1459 g1470 g1473 
g445[IL],1,g445[IL] 
g4496,8,g4496 I6008 g4163 g3892 g3575 I4777 g2962 g2008 
g370[IL],1,g370[IL] 
g6266,8,g6266 g6057 g5824 g5631 g5536 g5467 g5318 g5060 
g6234,8,g6234 g6057 g5824 g5631 g5536 g5467 g5318 g5060 
g6490,8,g6490 g6371 I8177 g6173 g6043 g6066 g5824 g5631 
g1897,6,g1897 I2992 g1741 I2753 g1174 g37 
g4599,8,g4599 g4230 g3756 I4941 I4940 I4939 g3437 g2853 
g4808,8,g4808 g4473 g4253 g3819 g3575 g3437 g2853 I4777 
I6410,8,I6410 g4473 g4253 g3819 g3575 g3437 g2853 I4777 
g4502,8,g4502 I6020 g4176 g3901 g3575 I4777 g2962 g2008 
g382[IL],1,g382[IL] 
g6088,8,g6088 g5753 g5688 g5546 g5388 g5318 g5060 g4819 
g504[IL],1,g504[IL] 
g1898,6,g1898 I2995 g1742 I2756 g1175 g42 
g4431,8,g4431 I5938 g4351 g3776 g3466 I4706 g2877 g2434 
g157[IL],1,g157[IL] 
g6081,8,g6081 g5731 g5688 g5546 g5388 g5318 g5060 g4819 
g4205,8,g4205 g3843 g3533 g3166 g2042 I3155 g3154 g2039 
g5949,8,g5949 g5805 I7604 g5605 g5500 g5430 g5161 g5119 
g6080,8,g6080 g5805 I7604 g5605 g5500 g5430 g5161 g5095 
g5679,8,g5679 g5576 g5415 I7081 g5281 g5124 I6780 g4825 
g5953,8,g5953 g5781 I7564 I7563 I7562 g5676 g5559 g5453 
g5098,8,g5098 g4837 g4473 g4253 g3819 g3575 g3437 g2853 
g2159,6,g2159 I3284 g1702 g1107 I2131 g24[IL] 
g6096,8,g6096 g5753 g5688 g5546 g5388 g5318 g5060 g4819 
g516[IL],1,g516[IL] 
g6085,8,g6085 g5731 g5688 g5546 g5388 g5318 g5060 g4819 
g4759,8,g4759 g4500 g4243 g4058 g3424 g4053 g3387 I4671 
g4285,8,g4285 g3887 g3276 I4547 I4546 I4545 g2853 g2021 
g4807,8,g4807 g4473 g4253 g3819 g3575 g3437 g2853 I4777 
g3758,8,g3758 g3461 g2986 g2010 g1459 g1470 g1473 g948 
g6670,8,g6670 g6634 g6545 g6468 g6394 I8196 I8195 g6557 
g6625,8,g6625 g6538 g6469 g6394 I8196 I8195 I8194 g6188 
g6736,8,g6736 g6712 g6676 g6631 g6545 g6468 g6394 I8196 
g5023,8,g5023 g4804 g4473 g4253 g3819 g3575 g3437 g2853 
g6263,8,g6263 g6052 g5824 g5631 g5536 g5467 g5318 g5060 
g6233,8,g6233 g6052 g5824 g5631 g5536 g5467 g5318 g5060 
g6489,8,g6489 g6369 I8171 g6170 g6014 g6061 g5824 g5631 
g853,2,g853 g642[IL] 
g6816,8,g6816 g6784 I8940 g6783 g6747 g6731 g6717 g6669 
g3886,8,g3886 g3346 I4623 g2962 g2008 g1784 g858 g301 
g6874,8,g6874 g6873 g6848 g6843 I9052 I9051 I9050 g6832 
g3358,8,g3358 g2842 I4050 g2059 g1402 g873 g306 g866 
g5043,8,g5043 g4805 g4473 g4253 g3819 g3575 g3437 g2853 
g4760,8,g4760 I6386 g4462 I5977 g4319 I5784 I5783 I5782 
g1549,3,g1549 g878 g639 
g2169,6,g2169 I3298 g1725 g1113 I2147 g6[IL] 
g6260,8,g6260 g6048 g5824 g5631 g5536 g5467 g5318 g5060 
g6232,8,g6232 g6048 g5824 g5631 g5536 g5467 g5318 g5060 
g6488,8,g6488 g6367 I8165 g6189 g6035 g6060 g5824 g5631 
g1917,6,g1917 I3016 g1754 I2773 g1191 g38 
g3333,8,g3333 g2728 I3890 g2145 I3268 g1656 I2635 g1055 
g1351,4,g1351 I2388 g878 g639 
g1513,3,g1513 g878 g639 
I4059,8,I4059 g1878 I2973 g1687 I2683 I2682 I2681 g918 
g6270,8,g6270 g6062 g5824 g5631 g5536 g5467 g5318 g5060 
g6235,8,g6235 g6062 g5824 g5631 g5536 g5467 g5318 g5060 
g6491,8,g6491 g6373 I8183 g6176 g6033 g6068 g5824 g5631 
g6275,8,g6275 g6070 g5824 g5631 g5536 g5467 g5318 g5060 
g6236,8,g6236 g6070 g5824 g5631 g5536 g5467 g5318 g5060 
g6493,8,g6493 g6375 I8189 g6179 g6051 g6077 g5824 g5631 
g5598,8,g5598 g5509 I7251 g5458 g5046 g5311 g5013 I6680 
g5647,8,g5647 g5509 I7251 g5458 g5311 g5013 g4826 g4463 
g5369,8,g5369 g5247 g4900 I6607 g4745 g4569 I6143 g4237 
g5600,8,g5600 g5502 I7210 I7209 I7208 g5367 g5199 I6867 
g672[IL],1,g672[IL] 
g3491,8,g3491 g2608 I3746 g2035 I3144 g1319 I2312 g897 
I6500,8,I6500 I6499 g4504 I6028 I6027 I6026 g4221 I5649 
g1935,6,g1935 I3040 g1770 I2805 g1205 g45 
g3781,8,g3781 I4976 g3575 I4777 g2962 g2008 g1784 g858 
g3889,8,g3889 g3575 I4777 g2962 g2008 g1784 g858 g301 
g5503,8,g5503 g5384 g5220 g4903 g4717 g4465 g4253 g3819 
g5357,8,g5357 g5220 g4903 g4717 g4465 g4253 g3819 g3437 
g5498,8,g5498 g5449 g5246 g5077 g4694 g4578 g4234 g3921 
g3292,8,g3292 g2667 I3811 g2145 I3268 g1656 I2635 g1055 
g1612,8,g1612 I2574 g791 I1865 g279[IL] g798 I1868 g280[IL] 
g6549,8,g6549 g6473 g6397 I8203 I8202 I8201 g6192 g5946 
g5604,8,g5604 g5521 I7261 g5458 g5059 g5311 g5013 I6697 
g5664,8,g5664 g5521 I7261 g5458 g5311 g5013 g4826 g4463 
g5376,8,g5376 g5255 g4933 I6625 g4745 g4569 I6143 g4237 
g5618,8,g5618 g5506 I7232 I7231 I7230 g5372 g5213 g5087 
g1857,6,g1857 I2961 g1731 I2735 g1118 g36 
g851,2,g851 g606[IL] 
g2120,6,g2120 I3251 g1471 I2464 g850 g602[IL] 
g1654,3,g1654 g878 g639 
g3540,8,g3540 I4762 g2862 I4066 g2582 I3699 I3698 I3697 
g1665,3,g1665 g985 g638[IL] 
g5353,8,g5353 g5327 g5077 g4694 g4578 g4234 g3921 g3512 
g3300,8,g3300 g2682 I3826 g2145 I3268 g1656 I2635 g1055 
g2029,8,g2029 I3134 g1336 I2361 g1075 I2110 I2109 I2108 
g1503,3,g1503 g878 g639 
g4020,8,g4020 I5324 g3466 I4706 g2877 g2434 g1620 g1056 
g3772,8,g3772 g3466 I4706 g2877 g2434 g1620 g1056 g1084 
g5317,8,g5317 g4869 g4662 g4640 g4402 g4017 g3425 g3208 
g5122,8,g5122 g4662 g4640 g4402 g4017 g3425 g3208 g2551 
g5499,8,g5499 g5451 g5251 g5069 g4688 g4568 g4233 g3912 
g3298,8,g3298 g2679 I3823 g2125 I3255 g1650 I2627 g1053 
g119[IL],1,g119[IL] 
g5938,8,g5938 g5791 I7590 g5605 g5500 g5430 g5161 g5114 
g6069,8,g6069 g5791 I7590 g5605 g5500 g5430 g5161 g5095 
g5671,8,g5671 g5572 g5399 I7065 g5281 g5124 I6780 g4825 
g5941,8,g5941 g5777 I7536 I7535 I7534 g5666 g5555 g5442 
g5915,8,g5915 I7679 g5726 I7487 g5684 I7441 I7440 I7439 
g6165,8,g6165 g5926 g5741 g5602 g5515 g5364 g5194 g4874 
g691[IL],1,g691[IL] 
g3448,8,g3448 I4684 g2687 I3833 g2266 I3413 I3412 I3411 
g1528,3,g1528 g878 g639 
g5952,8,g5952 g5809 I7608 g5605 g5500 g5430 g5161 g5120 
g6083,8,g6083 g5809 I7608 g5605 g5500 g5430 g5161 g5095 
g5681,8,g5681 g5577 g5420 I7086 g5281 g5124 I6780 g4825 
g5955,8,g5955 g5782 I7571 I7570 I7569 g5678 g5560 g5456 
g5210,8,g5210 I6874 g4861 I6587 g4803 I6475 I6474 I6473 
g6161,8,g6161 g5926 g5741 g5602 g5515 g5364 g5194 g4874 
g4437,8,g4437 I5948 g4360 g3785 g3466 I4706 g2877 g2434 
g175[IL],1,g175[IL] 
g118[IL],1,g118[IL] 
g754,3,g754 I1850 g210[IL] 
g5237,8,g5237 g5083 g4271 g4004 g4688 g4568 I5302 I5301 
g3829,8,g3829 g3305 g2960 I4152 I4151 I4150 g2551 g1826 
g4229,8,g4229 g4059 g3466 I4706 g2877 g2434 g3425 g3208 
I5556,8,I5556 g4059 g3466 I4706 g2877 g2434 g3425 g3208 
g4052,8,g4052 g3388 I4667 g2908 g2010 g1459 g1470 g1473 
g422[IL],1,g422[IL] 
g3307,8,g3307 g2692 I3840 g2125 I3255 g1650 I2627 g1053 
g4509,8,g4509 I6039 g4182 g3904 g3575 I4777 g2962 g2008 
g390[IL],1,g390[IL] 
I8393,8,I8393 g6317 g6194 I7906 g5912 g6151 g6133 g6130 
I8394,8,I8394 g6329 g6212 I7910 g5905 g6154 g6015 g5852 
g5182,8,g5182 g4993 g4674 g4550 I6126 g4240 g3793 g3491 
g5200,8,g5200 g5025 g4814 g4550 I6126 g4240 g3793 g3491 
I7978,8,I7978 g6194 I7906 g5912 g5997 g5975 g5958 g5853 
I7979,8,I7979 g6212 I7910 g5905 g6015 g5852 g5638 I7397 
I7980,8,I7980 g5202 g4894 g4813 g4914 g4816 g4904 g4812 
I7981,8,I7981 g5025 g4814 g4915 g4669 g4550 I6126 g4240 
g5349,8,g5349 g5324 g5069 g4688 g4568 g4233 g3912 g3505 
g3275,8,g3275 g2615 I3755 g2125 I3255 g1650 I2627 g1053 
g913,2,g913 g658[IL] 
I4340,7,I4340 g1935 I3040 g1770 I2805 g1205 g45 
g4567,8,g4567 I6139 g4222 I5654 g3742 I4921 I4920 I4919 
g1674,3,g1674 g985 g638[IL] 
g4498,8,g4498 I6012 g4167 g3898 g3575 I4777 g2962 g2008 
g374[IL],1,g374[IL] 
g6091,8,g6091 g5753 g5688 g5546 g5388 g5318 g5060 g4819 
g508[IL],1,g508[IL] 
g3760,8,g3760 g3465 g2986 g2010 g1459 g1470 g1473 g948 
g6676,8,g6676 g6631 g6545 g6468 g6394 I8196 I8195 g6555 
g4494,8,g4494 I6004 g4159 g3890 g3575 I4777 g2962 g2008 
g366[IL],1,g366[IL] 
g4039,8,g4039 g3388 I4667 g2908 g2010 g1459 g1470 g1473 
g406[IL],1,g406[IL] 
g6084,8,g6084 g5753 g5688 g5546 g5388 g5318 g5060 g4819 
g500[IL],1,g500[IL] 
g5492,8,g5492 g5441 g5251 g5069 g4688 g4568 g4233 g3912 
g3277,8,g3277 g2625 I3767 g2125 I3255 g1650 I2627 g1053 
g6082,8,g6082 g5742 g5686 g5546 g5388 g5318 g5060 g4819 
g1325,5,g1325 I2330 g1122 I2162 g197[IL] 
g1953,6,g1953 I3062 g1776 I2821 g1221 g46 
g122[IL],1,g122[IL] 
g6099,8,g6099 g5753 g5688 g5546 g5388 g5318 g5060 g4819 
g524[IL],1,g524[IL] 
g5683,8,g5683 I7434 I7433 I7432 g5554 g5455 g5311 g5013 
g3813,8,g3813 g3258 I4537 g2877 g2434 g1620 g1056 g1084 
g3815,8,g3815 g2659 g3282 g2863 g2296 I3441 g1502 g709 
g4225,8,g4225 g4059 g3466 I4706 g2877 g2434 g3425 g3208 
I5548,8,I5548 g4059 g3466 I4706 g2877 g2434 g3425 g3208 
I8356,8,I8356 g6311 g6194 I7906 g5912 g6141 g6125 g6123 
I8357,8,I8357 g6318 g6212 I7910 g5905 g6145 g6015 g5852 
I8358,8,I8358 g5197 g5158 g5153 g5192 g4894 g4813 g4904 
I8359,8,I8359 g5226 g5216 g5236 g5232 g5054 g4816 g5025 
I8135,8,I8135 g6194 I7906 g5912 g5997 g5975 g5958 g5853 
I8136,8,I8136 g6212 I7910 g5905 g6015 g5852 g5638 I7397 
I8137,8,I8137 g4894 g4813 g4904 g4812 g4967 g4993 g4674 
I8138,8,I8138 g5054 g4816 g5025 g4814 g4915 g4669 g4980 
I8385,8,I8385 g6316 g6194 I7906 g5912 g6149 g6131 g6128 
I8386,8,I8386 g6327 g6212 I7910 g5905 g6152 g6015 g5852 
g5178,8,g5178 g4993 g4674 g4550 I6126 g4240 g3793 g3491 
g5209,8,g5209 g5025 g4814 g4550 I6126 g4240 g3793 g3491 
I7987,8,I7987 g6194 I7906 g5912 g5997 g5975 g5958 g5853 
I7988,8,I7988 g6212 I7910 g5905 g6015 g5852 g5638 I7397 
I7989,8,I7989 g5202 g4894 g4813 g4914 g4816 g4904 g4812 
I7990,8,I7990 g5025 g4814 g4915 g4669 g4550 I6126 g4240 
g5379,8,g5379 I7035 g5150 I6816 g5111 I6745 I6744 I6743 
g6162,8,g6162 g5926 g5741 g5602 g5515 g5364 g5194 g4874 
g809,3,g809 I1874 g282[IL] 
g5242,8,g5242 g5085 g4280 g4694 g4578 g4007 g4234 g3921 
I3758,7,I3758 g2041 I3152 g1322 I2321 g898 g47 
g4439,8,g4439 I5952 g4367 g3788 g3466 I4706 g2877 g2434 
g184[IL],1,g184[IL] 
g3820,8,g3820 g2671 g2263 I3400 I3399 I3398 g3287 g2865 
g4227,8,g4227 g4059 g3466 I4706 g2877 g2434 g3425 g3208 
I5551,8,I5551 g4059 g3466 I4706 g2877 g2434 g3425 g3208 
g4499,8,g4499 I6015 g4170 g3900 g3575 I4777 g2962 g2008 
g378[IL],1,g378[IL] 
g4044,8,g4044 g3388 I4667 g2908 g2010 g1459 g1470 g1473 
g414[IL],1,g414[IL] 
g4035,8,g4035 g3388 I4667 g2908 g2010 g1459 g1470 g1473 
g434[IL],1,g434[IL] 
g3546,8,g3546 g3095 I4340 g1935 I3040 g1770 I2805 g1205 
g1049,2,g1049 g266[IL] 
g5936,8,g5936 g5788 I7587 g5605 g5500 g5430 g5161 g5113 
g6067,8,g6067 g5788 I7587 g5605 g5500 g5430 g5161 g5095 
g5668,8,g5668 g5571 g5395 I7061 g5281 g5124 I6780 g4825 
g5939,8,g5939 g5776 I7529 I7528 I7527 g5662 g5553 g5440 
g5599,8,g5599 g5512 I7254 g5458 g5049 g5311 g5013 I6685 
g5658,8,g5658 g5512 I7254 g5458 g5311 g5013 g4826 g4463 
g5371,8,g5371 g5248 g4911 I6615 g4745 g4569 I6143 g4237 
g5603,8,g5603 g5504 I7218 I7217 I7216 g5368 g5201 g5084 
g5495,8,g5495 g5444 g5256 g5077 g4694 g4578 g4234 g3921 
g3281,8,g3281 g2640 I3782 g2145 I3268 g1656 I2635 g1055 
g5438,8,g5438 g5224 g5123 g4670 g4611 g4300 I5761 I5760 
g3622,8,g3622 I4821 g2877 g2434 g1620 g1056 g1084 g98 
I9220,8,I9220 g6930 g6928 g6926 g6923 g6917 g6910 g6909 
g5601,8,g5601 g5518 I7258 g5458 g5052 g5311 g5013 I6692 
g5661,8,g5661 g5518 I7258 g5458 g5311 g5013 g4826 g4463 
g5373,8,g5373 g5250 g4929 I6621 g4745 g4569 I6143 g4237 
g5616,8,g5616 g5505 I7225 I7224 I7223 g5370 g5211 g5086 
g6094,8,g6094 g5753 g5688 g5546 g5388 g5318 g5060 g4819 
g512[IL],1,g512[IL] 
g6092,8,g6092 g5731 g5688 g5546 g5388 g5318 g5060 g4819 
g532[IL],1,g532[IL] 
g5942,8,g5942 g5797 I7596 g5605 g5500 g5430 g5161 g5117 
g6076,8,g6076 g5797 I7596 g5605 g5500 g5430 g5161 g5095 
g5675,8,g5675 g5574 g5407 I7073 g5281 g5124 I6780 g4825 
g5948,8,g5948 g5779 I7550 I7549 I7548 g5672 g5557 g5448 
g6259,8,g6259 g6044 g5824 g5631 g5536 g5467 g5318 g5060 
g6231,8,g6231 g6044 g5824 g5631 g5536 g5467 g5318 g5060 
g6487,8,g6487 g6365 I8159 g6167 g6039 g6056 g5824 g5631 
g5940,8,g5940 g5794 I7593 g5605 g5500 g5430 g5161 g5115 
g6074,8,g6074 g5794 I7593 g5605 g5500 g5430 g5161 g5095 
g5673,8,g5673 g5573 g5403 I7069 g5281 g5124 I6780 g4825 
g5944,8,g5944 g5778 I7543 I7542 I7541 g5669 g5556 g5445 
g486[IL],1,g486[IL] 
g1724,5,g1724 I2724 g1220 I2221 g43[IL] 
g2967,7,g2967 I4166 g2390 I3531 g1593 g1054 g485[IL] 
g2974,7,g2974 I4173 g2408 I3546 g1586 g1052 g668[IL] 
g3992,8,g3992 g3559 g2603 I3733 g2031 I3140 g1317 I2306 
g676[IL],1,g676[IL] 
I6027,8,I6027 I6026 g4221 I5649 I5648 I5647 g4223 I5659 
g1534,8,g1534 I2499 I2498 I2497 g1036 I2062 I2061 I2060 
I3168,8,I3168 g1534 I2499 I2498 I2497 g1540 I2508 I2507 
g1540,8,g1540 I2508 I2507 I2506 g1044 I2082 I2081 I2080 
g3868,8,g3868 g3491 g2608 I3746 g2035 I3144 g1319 I2312 
g3872,8,g3872 g3312 I4587 g2962 g2008 g1784 g858 g301 
g923,2,g923 g332[IL] 
g2936,8,g2936 g2026 g1398 g889 g1402 g873 g310 g1359 
g1861,5,g1861 I2967 g1682 g829 g323[IL] 
g964,2,g964 g357[IL] 
g837,2,g837 g353[IL] 
g836,2,g836 g349[IL] 
g2021,8,g2021 g1436 g830 g338[IL] g834 g341[IL] g835 g345[IL] 
g932,2,g932 g337[IL] 
g6478,8,g6478 I8342 g6314 I8044 g6252 g5905 g5852 g5638 
g6624,8,g6624 I8730 g6535 I8521 g6495 g6354 g6193 g5957 
g6465,8,g6465 I8329 g6305 I8027 g6237 g5912 g5853 g5638 
g6622,8,g6622 I8724 g6533 I8515 g6492 g6348 g6211 g5992 
g6621,8,g6621 I8721 g6534 I8518 g6494 g6348 g6211 g5992 
I8524,8,I8524 g6496 g6354 g6193 g5957 g5866 g5649 I7404 
g1250,2,g1250 g123[IL] 
g2849,8,g2849 g2577 g1793 g1084 g1797 g1070 g98 g1743 
g3208,8,g3208 g2551 g1826 g710 g128[IL] g714 g131[IL] g715 
g2877,8,g2877 g2434 g1620 g1056 g1084 g98 g89 g1070 
g6741,8,g6741 g6705 g6693 g6617 I8713 g6618 I8716 g6522 
g4536,8,g4536 I6118 g4406 I5913 g3751 g2807 g2568 I3678 
g6799,8,g6799 g6782 g6749 g6734 I8894 g6709 I8837 g6735 
g6920,8,g6920 g6916 g6915 g6901 I9170 g6883 I9116 g6903 
g6895,8,g6895 I9152 g6889 I9134 g6864 g6852 g6847 g6837 
g6893,8,g6893 I9146 g6890 I9137 g6864 g6852 g6847 g6837 
g6899,8,g6899 I9164 g6885 I9122 g6864 g6852 g6847 g6837 
g6897,8,g6897 I9158 g6887 I9128 g6864 g6852 g6847 g6837 
g3457,8,g3457 g2653 I3797 g2125 I3255 g1650 I2627 g1053 
g4537,8,g4537 g4410 g3903 g3505 g1749 g2924 g1573 g2095 
g2067,8,g2067 I3179 I3178 I3177 g1706 g766 I1856 g204[IL] 
g1595,8,g1595 I2566 g736 I1841 g207[IL] g749 I1847 g209[IL] 
g1474,7,g1474 g754 I1850 g210[IL] g760 I1853 g211[IL] 
g3924,8,g3924 g3505 g1749 g2924 g1573 g2095 I2768 I2767 
g471[IL],1,g471[IL] 
g3505,8,g3505 g1749 g2924 g1573 g2095 I2768 I2767 I2766 
g2195,7,g2195 I3334 g1330 I2343 g1177 I2193 g693[IL] 
g536[IL],1,g536[IL] 
g541[IL],1,g541[IL] 
g926,6,g926 I1953 I1952 I1951 g524[IL] g248[IL] 
g950,6,g950 I2023 I2022 I2021 g528[IL] g254[IL] 
g948,6,g948 I2015 I2014 I2013 g532[IL] g260[IL] 
g937,6,g937 I1980 I1979 I1978 g512[IL] g230[IL] 
g930,6,g930 I1971 I1970 I1969 g516[IL] g236[IL] 
g928,6,g928 I1963 I1962 I1961 g520[IL] g242[IL] 
g944,6,g944 I2005 I2004 I2003 g500[IL] g212[IL] 
g941,6,g941 I1996 I1995 I1994 g504[IL] g218[IL] 
g939,6,g939 I1988 I1987 I1986 g508[IL] g224[IL] 
g1143,3,g1143 I2172 g691[IL] 
g952,3,g952 I2029 g677[IL] 
g1585,7,g1585 g1011 I2050 g683[IL] g1017 I2053 g684[IL] 
g2084,8,g2084 g1563 g1577 g1001 I2044 g681[IL] g1006 I2047 
g2916,8,g2916 g2113 g1535 g1576 g1088 I2119 g688[IL] g1101 
g1589,5,g1589 g1045 g1059 g702 g699[IL] 
g5074,8,g5074 g4792 g4471 g4253 g3819 g4598 g3437 g2853 
g4873,8,g4873 g4838 g4648 g4407 g4173 I5577 g4054 g4022 
g5095,8,g5095 g4794 g4593 g4277 g3936 g3551 g2937 g2160 
g4535,8,g4535 g4173 I5577 g4022 I5328 g3502 g2795 g1997 
I6775,8,I6775 g4790 I6456 g4633 g4284 I5739 g3942 g3575 
g4794,8,g4794 g4593 g4277 g3936 g3551 g2937 g2160 g1624 
g951,2,g951 g84[IL] 
g4472,8,g4472 g4253 g3819 g3437 g2853 g3380 g2831 g2021 
g5429,8,g5429 g5304 I6956 g5124 I6780 g4825 g4465 g4472 
g5228,8,g5228 g5096 g4800 g4647 g4296 I5753 g4794 g4593 
g48[IL],1,g48[IL] 
g4610,8,g4610 I6187 I6186 I6185 g4301 I5768 I5767 I5766 
g4221,8,g4221 I5649 I5648 I5647 g3968 I5228 I5227 I5226 
I6026,8,I6026 g4221 I5649 I5648 I5647 g4223 I5659 I5658 
g4223,8,g4223 I5659 I5658 I5657 g3979 I5259 I5258 I5257 
g622[IL],1,g622[IL] 
g2846,8,g2846 g2015 g1419 g918 g602[IL] g610[IL] g613[IL] g616[IL] 
g3458,8,g3458 g2656 I3800 g2145 I3268 g1656 I2635 g1055 
g4545,8,g4545 g4416 g3905 g3512 g1764 g2928 g1582 g2100 
g2311,8,g2311 I3457 I3456 I3455 g1691 g821 I1880 g276[IL] 
g1481,7,g1481 g809 I1874 g282[IL] g815 I1877 g283[IL] 
g3928,8,g3928 g3512 g1764 g2928 g1582 g2100 g1588 I2797 
g478[IL],1,g478[IL] 
g3512,8,g3512 g1764 g2928 g1582 g2100 g1588 I2797 I2796 
g2196,7,g2196 I3337 g1338 I2367 g1161 I2182 g692[IL] 
g895,2,g895 g139[IL] 
g2551,8,g2551 g1826 g710 g128[IL] g714 g131[IL] g715 g135[IL] 
g2860,8,g2860 g2296 I3441 g1502 g709 g114[IL] g710 g128[IL] 
g554[IL],1,g554[IL] 
g1842,8,g1842 g1612 I2574 g791 I1865 g279[IL] g798 I1868 
g4247,8,g4247 g4007 I5309 I5308 I5307 g3512 g1764 g2928 
g2036,8,g2036 g1764 I2797 I2796 I2795 g798 I1868 g280[IL] 
g1628,7,g1628 g809 I1874 g282[IL] g815 I1877 g283[IL] 
g6192,8,g6192 g5946 g5729 I7494 g5691 g5568 g5423 g5175 
g2138,8,g2138 g1639 g815 I1877 g283[IL] g809 I1874 g282[IL] 
g5946,8,g5946 g5729 I7494 g5691 g5568 g5423 g5175 g5094 
g2950,8,g2950 g1612 I2574 g2156 g1642 g809 I1874 g282[IL] 
g4244,8,g4244 g4004 I5302 I5301 I5300 g3505 g1749 g2924 
g2032,8,g2032 g1749 I2768 I2767 I2766 g749 I1847 g209[IL] 
g1609,7,g1609 g754 I1850 g210[IL] g760 I1853 g211[IL] 
g5950,8,g5950 g5730 I7497 g5687 g5567 g5418 g5169 g5093 
g729,3,g729 I1838 g206[IL] 
g719,3,g719 I1835 g205[IL] 
g743,3,g743 I1844 g208[IL] 
g5730,8,g5730 I7497 g5687 g5567 g5418 g5169 g5093 g4684 
g4468,8,g4468 g4214 g4045 g3425 g3831 g3208 g2551 g1826 
g4826,8,g4826 g4463 g4364 I5825 g3914 g4209 I5153 g3330 
g4621,8,g4621 g4364 I5825 g3914 I5153 g3330 g3109 g2360 
g4726,8,g4726 I6352 g4564 g4192 I5606 g3821 g3466 I4706 
g4209,8,g4209 g3816 g3434 g2850 g2018 g1423 I2442 g872 
g179[IL],1,g179[IL] 
g4049,8,g4049 g3425 g3677 g3140 g3208 g2409 g1815 g1070 
g4947,8,g4947 g4741 I6371 g4569 I6143 g4237 g4017 g4049 
g4864,8,g4864 g4744 g4582 g4210 I5630 g4490 g3914 I5153 
g594[IL],1,g594[IL] 
g574[IL],1,g574[IL] 
g586[IL],1,g586[IL] 
g4874,8,g4874 g4708 g4541 g4199 g3810 g3421 g2846 g2015 
g582[IL],1,g582[IL] 
g551[IL],1,g551[IL] 
g6124,8,g6124 g5958 g5818 g5638 I7397 g5561 g5391 I7055 
g3841,8,g3841 g3617 g2609 g3614 g2998 I3749 g2484 I3611 
g3183,8,g3183 I4420 g2096 I3212 g1806 I2857 g1161 I2182 
g5714,8,g5714 I7475 g5627 g5497 g5447 g5256 g5077 g4694 
g5176,8,g5176 g4950 g4680 g4550 I6126 g4240 g3793 g3491 
g5184,8,g5184 g4877 g4680 g4550 I6126 g4240 g3793 g3491 
g3873,8,g3873 g3657 g3649 g2734 g3104 I3902 g2576 I3687 
g3196,8,g3196 I4433 g2103 I3225 g1813 I2870 g1161 I2182 
g5857,8,g5857 g5638 I7397 g5561 g5391 I7055 g5318 g5060 
g2053,8,g2053 g1675 g1101 I2125 g698[IL] g1094 I2122 g689[IL] 
g1661,4,g1661 g1076 I2115 g687[IL] 
g5165,8,g5165 g4993 g4674 g4550 I6126 g4240 g3793 g3491 
g1680,4,g1680 g1011 I2050 g683[IL] 
g2897,8,g2897 g2062 g1666 g1088 I2119 g688[IL] g1499 g1101 
g2101,8,g2101 g1543 g1006 I2047 g682[IL] g1001 I2044 g681[IL] 
g1514,7,g1514 g1011 I2050 g683[IL] g1017 I2053 g684[IL] 
g562,1,g562 
g1575,7,g1575 g965 I2033 g678[IL] g980 I2037 g679[IL] 
g1550,4,g1550 g996 I2041 g680[IL] 
g2073,8,g2073 g1499 g1101 I2125 g698[IL] g1094 I2122 g689[IL] 
g1879,8,g1879 g1416 g913 g1603 g658[IL] g1039 g662[IL] g266[IL] 
g1560,7,g1560 g980 I2037 g679[IL] g996 I2041 g680[IL] 
g1518,7,g1518 g965 I2033 g678[IL] g980 I2037 g679[IL] 
g1559,4,g1559 g965 I2033 g678[IL] 
g2092,7,g2092 g1570 g1027 g598[IL] g567 g634[IL] g642[IL] 
g4731,8,g4731 I6359 g4566 g4198 I5618 g3821 g3466 I4706 
g188[IL],1,g188[IL] 
g4949,8,g4949 g4753 I6377 g4569 I6143 g4237 g4017 g4049 
g4866,8,g4866 g4756 g4587 g4215 I5637 g4491 g3914 I5153 
g2909,8,g2909 g2092 g1570 g1027 g598[IL] g567 g634[IL] g642[IL] 
I6750,8,I6750 g4771 I6417 g4617 g4242 I5686 g3942 g3575 
g361[IL],1,g361[IL] 
g5398,8,g5398 g5261 I6918 g5124 I6780 g4825 g4465 g4472 
g5439,8,g5439 g5261 I6918 g5124 I6780 g4825 g4465 g4472 
g398[IL],1,g398[IL] 
g319,1,g319 
g619[IL],1,g619[IL] 
g3459,8,g3459 g2664 I3808 g2125 I3255 g1650 I2627 g1053 
g3012,8,g3012 I4205 I4204 I4203 g2255 g1706 g766 I1856 
g2924,8,g2924 g1573 g2095 g1584 g743 I1844 g208[IL] g766 
g2213,7,g2213 I3346 g1327 I2334 g1193 I2204 g694[IL] 
g625[IL],1,g625[IL] 
g3453,8,g3453 g2628 I3770 g2145 I3268 g1656 I2635 g1055 
g1764,8,g1764 I2797 I2796 I2795 g798 I1868 g280[IL] g804 
g2175,7,g2175 I3316 g1344 I2379 g1123 I2165 g690[IL] 
g3833,8,g3833 g3608 g2599 g3602 g2688 I3729 g2436 I3569 
g3158,8,g3158 I4398 g2086 I3198 g1819 I2877 g1123 I2165 
g5587,8,g5587 I7349 g5532 g5350 g5325 g5077 g4694 g4578 
g5584,8,g5584 I7346 g5531 g5349 g5324 g5069 g4688 g4568 
g5163,8,g5163 g4950 g4680 g4550 I6126 g4240 g3793 g3491 
g5191,8,g5191 g4877 g4680 g4550 I6126 g4240 g3793 g3491 
g3858,8,g3858 g3636 g3629 g2701 g2809 I3855 g2550 I3665 
g3177,8,g3177 I4414 g2090 I3206 g1823 I2887 g1123 I2165 
g1043,2,g1043 g486[IL] 
g545[IL],1,g545[IL] 
g1477,4,g1477 g952 I2029 g677[IL] 
g2107,8,g2107 g1543 g1583 g1001 I2044 g681[IL] g1006 I2047 
I3126,8,I3126 I3125 g1276 g847 g1279 g848 g594[IL] g590[IL] 
I3127,8,I3127 I3125 g1276 g847 g1279 g848 g594[IL] g590[IL] 
g1263,3,g1263 g846 g586[IL] 
g1257,3,g1257 g845 g582[IL] 
g1270,3,g1270 g844 g578[IL] 
g1267,3,g1267 g843 g574[IL] 
g5354,8,g5354 g5249 g4870 g4779 g4868 g4774 g4464 g4272 
g1902,5,g1902 I3001 g1267 g843 g574[IL] 
g1849,5,g1849 I2949 g1263 g846 g586[IL] 
g4449,8,g4449 g4266 g3283 g3757 g2619 g2609 I3761 g2505 
g4453,8,g4453 g4238 g3279 g3755 g2604 g2599 I3736 g2460 
g2874,6,g2874 g1849 I2949 g1263 g846 g586[IL] 
g4457,8,g4457 g4261 g3295 g2660 g3762 g2672 I3804 g2575 
g4459,8,g4459 g4245 g3288 g2631 g3759 g2644 I3773 g2524 
g107,1,g107 
g3483,8,g3483 g2716 I3871 g2145 I3268 g1656 I2635 g1055 
g2253,7,g2253 I3388 g1324 I2327 g1222 I2225 g696[IL] 
g3455,8,g3455 g2637 I3779 g2125 I3255 g1650 I2627 g1053 
g2307,8,g2307 I3447 I3446 I3445 g1689 g766 I1856 g204[IL] 
g2177,7,g2177 I3322 g1333 I2352 g1161 I2182 g692[IL] 
g1236,3,g1236 I2234 g697[IL] 
g1209,3,g1209 I2215 g695[IL] 
g3478,8,g3478 g2695 I3843 g2145 I3268 g1656 I2635 g1055 
g4549,8,g4549 g4416 g3905 g3512 g1764 g3013 I4212 I4211 
g2243,7,g2243 I3376 g1328 I2337 g1209 I2215 g695[IL] 
g3849,8,g3849 g3625 g3618 g2619 g3016 I3761 g2505 I3629 
g3192,8,g3192 I4429 g2102 I3222 g1790 I2842 g1177 I2193 
g5717,8,g5717 I7478 g5628 g5498 g5449 g5246 g5077 g4694 
g5711,8,g5711 I7472 g5626 g5496 g5446 g5241 g5069 g4688 
g5180,8,g5180 g4950 g4680 g4550 I6126 g4240 g3793 g3491 
g5181,8,g5181 g4877 g4680 g4550 I6126 g4240 g3793 g3491 
g3880,8,g3880 g3665 g3658 g2748 g3118 I3923 g2581 I3694 
g3204,8,g3204 I4441 g2109 I3235 g1807 I2860 g1177 I2193 
g561,1,g561 
g631[IL],1,g631[IL] 
I6766,8,I6766 g4783 I6441 g4624 g4265 I5716 g3942 g3575 
g69[IL],1,g69[IL] 
g5419,8,g5419 g5292 I6942 g5124 I6780 g4825 g4465 g4472 
g5018,8,g5018 g4791 g4636 g4286 I5743 g4597 g4022 I5328 
g2896,8,g2896 g2323 g1358 g1119 I2159 g465[IL] g1763 g471[IL] 
g1551,4,g1551 g1011 I2050 g683[IL] 
g5152,8,g5152 g4950 g4680 g4550 I6126 g4240 g3793 g3491 
g5156,8,g5156 g4877 g4680 g4550 I6126 g4240 g3793 g3491 
g3896,8,g3896 g3697 g3689 g2796 g3162 I3999 g1837 I2925 
g2594,8,g2594 I3723 g2158 I3281 g1761 I2788 g1236 I2234 
g5189,8,g5189 g4993 g4674 g4550 I6126 g4240 g3793 g3491 
g5269,8,g5269 g5025 g4814 g4550 I6126 g4240 g3793 g3491 
I8210,8,I8210 g5202 g4894 g4813 g4914 g4816 g4904 g4812 
I8211,8,I8211 g5025 g4814 g4915 g4669 g4550 I6126 g4240 
g3877,8,g3877 g3659 g3651 g2672 g3064 I3816 g2580 I3691 
g1880,5,g1880 g1603 g1039 g662[IL] g658[IL] 
g3482,8,g3482 g2713 I3868 g2125 I3255 g1650 I2627 g1053 
g2588,8,g2588 I3717 g2154 I3271 g1748 I2763 g1236 I2234 
g1683,4,g1683 g1017 I2053 g684[IL] 
g1552,4,g1552 g1030 I2057 g685[IL] 
g3488,8,g3488 g2728 I3890 g2145 I3268 g1656 I2635 g1055 
g2056,8,g2056 g1672 g1675 g1101 I2125 g698[IL] g1094 I2122 
g3484,8,g3484 g2958 g1861 I2967 g1682 g829 g323[IL] g349[IL] 
g2948,8,g2948 g1595 I2566 g2137 g1638 g754 I1850 g210[IL] 
g2252,7,g2252 I3385 g1318 I2309 g1236 I2234 g697[IL] 
g4236,8,g4236 g3907 g3522 g2909 g2092 g1570 g1027 g598[IL] 
g5190,8,g5190 g4950 g4680 g4550 I6126 g4240 g3793 g3491 
g5164,8,g5164 g4877 g4680 g4550 I6126 g4240 g3793 g3491 
g3891,8,g3891 g3688 g3683 g2783 g3150 I3979 g1836 I2922 
g2591,8,g2591 I3720 g2155 I3274 g1773 I2814 g1222 I2225 
g5185,8,g5185 g4993 g4674 g4550 I6126 g4240 g3793 g3491 
g5198,8,g5198 g5025 g4814 g4550 I6126 g4240 g3793 g3491 
I7971,8,I7971 g5202 g4894 g4813 g4914 g4816 g4904 g4812 
I7972,8,I7972 g5025 g4814 g4915 g4669 g4550 I6126 g4240 
g3869,8,g3869 g3650 g3642 g2660 g3054 I3804 g2575 I3684 
g3477,8,g3477 g2692 I3840 g2125 I3255 g1650 I2627 g1053 
g3216,8,g3216 I4459 g2134 I3258 g1760 I2785 g1222 I2225 
g3499,8,g3499 g2961 g1861 I2967 g1682 g829 g323[IL] g357[IL] 
g2856,8,g2856 g2010 g1459 g1470 g1473 g948 I2015 I2014 
g945,2,g945 g536[IL] 
g1233,3,g1233 I2231 g465[IL] 
g1410,4,g1410 g1233 I2231 g465[IL] 
I3148,8,I3148 g1595 I2566 g736 I1841 g207[IL] g749 I1847 
I6769,8,I6769 g4786 I6448 g4626 g4270 I5723 g3942 g3575 
g74[IL],1,g74[IL] 
g5424,8,g5424 g5296 I6946 g5124 I6780 g4825 g4465 g4472 
g5024,8,g5024 g4793 g4639 g4289 I5746 g4600 g4022 I5328 
g4021,8,g4021 g3558 g3199 g1861 I2967 g1682 g829 g323[IL] 
g1246,3,g1246 I2237 g465[IL] 
g1415,4,g1415 g1246 I2237 g465[IL] 
I4664,8,I4664 g2924 g1573 g2095 g1584 g743 I1844 g208[IL] 
g3490,8,g3490 g2959 g1861 I2967 g1682 g829 g323[IL] g353[IL] 
g2121,8,g2121 g1632 g760 I1853 g211[IL] g754 I1850 g210[IL] 
g3935,8,g3935 g2868 g3464 g2956 g1861 I2967 g1682 g829 
g5068,8,g5068 g4677 g4673 g4646 g4353 g3332 g3989 g4652 
g5066,8,g5066 g4672 g4668 g4631 g4340 g3291 g3972 g4635 
g6614,8,g6614 g6556 g6467 I8335 g6308 I8034 g6242 g6339 
g4427,8,g4427 g4373 g3370 g4001 g3668 g3702 g3124 I4371 
g5065,8,g5065 g4671 g4667 g4641 g4347 g3320 g3986 g4645 
g5062,8,g5062 g4666 g4661 g4627 g4333 g3284 g3964 g4630 
g6613,8,g6613 g6554 g6466 I8332 g6306 I8030 g6239 g6337 
g4679,8,g4679 I6269 g4655 g4368 g3363 g3998 g3660 g3698 
g2060,5,g2060 g1369 I2405 g1112 g336[IL] 
g3621,8,g3621 g2842 I4050 g2059 g1402 g873 g306 g866 
g3741,8,g3741 g3433 g2831 g2340 g2007 g1411 g873 g306 
g3598,8,g3598 g2808 g2821 g2009 g1890 g1581 g910 I1938 
I9021,8,I9021 g6812 I8984 g6794 g6777 g6762 g6739 g6715 
g3941,8,g3941 g2873 g1845 I2935 I2934 I2933 g3479 g2957 
g628[IL],1,g628[IL] 
g2264,7,g2264 I3405 g1321 I2318 g1236 I2234 g697[IL] 
g4713,8,g4713 I6321 g4559 g4187 I5591 g3821 g3466 I4706 
g143[IL],1,g143[IL] 
g4928,8,g4928 g4723 I6349 g4569 I6143 g4237 g4017 g4049 
g5082,8,g5082 g4723 I6349 g4569 I6143 g4237 g4017 g4049 
I5648,8,I5648 I5647 g3968 I5228 I5227 I5226 g3263 g3259 
g3968,8,g3968 I5228 I5227 I5226 g3263 g3259 g3015 I4220 
I5647,8,I5647 g3968 I5228 I5227 I5226 g3263 g3259 g3974 
g3460,8,g3460 g2667 I3811 g2145 I3268 g1656 I2635 g1055 
g2080,8,g2080 I3190 I3189 I3188 g1716 g821 I1880 g276[IL] 
g2214,7,g2214 I3349 g1334 I2355 g1177 I2193 g693[IL] 
g784,3,g784 I1862 g278[IL] 
g774,3,g774 I1859 g277[IL] 
g804,3,g804 I1871 g281[IL] 
g5729,8,g5729 I7494 g5691 g5568 g5423 g5175 g5094 g4686 
g4722,8,g4722 I6346 g4563 g4190 I5600 g3821 g3466 I4706 
g170[IL],1,g170[IL] 
g4942,8,g4942 g4736 I6366 g4569 I6143 g4237 g4017 g4049 
g4862,8,g4862 g4739 g4579 g4206 I5626 g4489 g3914 I5153 
g3463,8,g3463 g2682 I3826 g2145 I3268 g1656 I2635 g1055 
g3028,8,g3028 I4235 I4234 I4233 g2267 g1716 g821 I1880 
g2232,7,g2232 I3361 g1331 I2346 g1193 I2204 g694[IL] 
g193[IL],1,g193[IL] 
g3462,8,g3462 g2679 I3823 g2125 I3255 g1650 I2627 g1053 
g4544,8,g4544 g4410 g3903 g3505 g1749 g2995 I4184 I4183 
g2231,7,g2231 I3358 g1323 I2324 g1209 I2215 g695[IL] 
I6756,8,I6756 g4775 I6425 g4619 g4248 I5696 g3942 g3575 
g54[IL],1,g54[IL] 
g5406,8,g5406 g5270 I6927 g5124 I6780 g4825 g4465 g4472 
g5014,8,g5014 g4785 g4625 g4267 I5720 g4583 g4022 I5328 
I6772,8,I6772 g4788 I6452 g4629 g4276 I5731 g3942 g3575 
g79[IL],1,g79[IL] 
g5428,8,g5428 g5300 I6952 g5124 I6780 g4825 g4465 g4472 
g5044,8,g5044 g4797 g4643 g4293 I5750 g4602 g4022 g4593 
g3294,8,g3294 g2870 g2296 I3441 g1502 g709 g114[IL] g139[IL] 
g2242,7,g2242 I3373 g1320 I2315 g1222 I2225 g696[IL] 
g3862,8,g3862 g3641 g3632 g2644 g3043 I3788 g2554 I3669 
g3209,8,g3209 I4452 g2117 I3244 g1772 I2811 g1209 I2215 
g5723,8,g5723 I7484 g5630 g5501 g5454 g5256 g5077 g4694 
g5720,8,g5720 I7481 g5629 g5499 g5451 g5251 g5069 g4688 
g5186,8,g5186 g4950 g4680 g4550 I6126 g4240 g3793 g3491 
g5172,8,g5172 g4877 g4680 g4550 I6126 g4240 g3793 g3491 
g3888,8,g3888 g3682 g3672 g2772 g3136 I3961 g1835 I2919 
g3219,8,g3219 I4462 g2135 I3261 g1783 I2831 g1209 I2215 
g559,1,g559 
g3451,8,g3451 g2615 I3755 g2125 I3255 g1650 I2627 g1053 
g2172,7,g2172 I3307 g1339 I2370 g1123 I2165 g690[IL] 
g548[IL],1,g548[IL] 
g3452,8,g3452 g2625 I3767 g2125 I3255 g1650 I2627 g1053 
g1558,8,g1558 I2528 I2527 I2526 g766 I1856 g204[IL] g719 
g2174,7,g2174 I3313 g1337 I2364 g1143 I2172 g691[IL] 
g111[IL],1,g111[IL] 
g2330,6,g2330 g1777 g1060 g107 g102 g89 
g1686,7,g1686 I2676 I2675 I2674 g710 g128[IL] g131[IL] 
g3837,8,g3837 g3613 g3609 g2604 g2706 I3736 g2460 I3590 
g3173,8,g3173 I4410 g2088 I3202 g1812 I2867 g1143 I2172 
g5708,8,g5708 I7469 g5625 g5495 g5444 g5256 g5077 g4694 
g5702,8,g5702 I7463 g5622 g5492 g5441 g5251 g5069 g4688 
g5171,8,g5171 g4950 g4680 g4550 I6126 g4240 g3793 g3491 
g5187,8,g5187 g4877 g4680 g4550 I6126 g4240 g3793 g3491 
g3865,8,g3865 g3648 g3637 g2722 g2822 I3883 g2574 I3681 
g3187,8,g3187 I4424 g2097 I3215 g1820 I2880 g1143 I2172 
g1046,2,g1046 g489[IL] 
g563,1,g563 
g3855,8,g3855 g3631 g3626 g2631 g3031 I3773 g2524 I3647 
g3200,8,g3200 I4437 g2108 I3232 g1782 I2828 g1193 I2204 
g5593,8,g5593 I7355 g5535 g5353 g5327 g5077 g4694 g4578 
g5590,8,g5590 I7352 g5533 g5351 g5326 g5069 g4688 g4568 
g5183,8,g5183 g4950 g4680 g4550 I6126 g4240 g3793 g3491 
g5177,8,g5177 g4877 g4680 g4550 I6126 g4240 g3793 g3491 
g3884,8,g3884 g3671 g3666 g2760 g3128 I3942 g1833 I2913 
g3212,8,g3212 I4455 g2118 I3247 g1791 I2845 g1193 I2204 
g560,1,g560 
I6753,8,I6753 g4772 I6420 g4618 g4246 I5692 g3942 g3575 
g49[IL],1,g49[IL] 
g5402,8,g5402 g5266 I6923 g5124 I6780 g4825 g4465 g4472 
g5012,8,g5012 g4782 g4623 g4262 I5713 g4580 g4022 I5328 
g4716,8,g4716 I6330 g4560 g4188 I5594 g3821 g3466 I4706 
g152[IL],1,g152[IL] 
g4932,8,g4932 g4727 I6355 g4569 I6143 g4237 g4017 g4049 
g4859,8,g4859 g4730 g4565 g4195 I5615 g4486 g3914 I5153 
g3456,8,g3456 g2640 I3782 g2145 I3268 g1656 I2635 g1055 
g1574,8,g1574 I2544 I2543 I2542 g821 I1880 g276[IL] g774 
g2178,7,g2178 I3325 g1340 I2373 g1143 I2172 g691[IL] 
g3769,8,g3769 g3622 I4821 g2877 g2434 g1620 g1056 g1084 
g3630,8,g3630 g3167 g1883 g1797 g1070 g94 g1064 g102 
g1936,5,g1936 g1756 I2779 g1038 g127[IL] 
g3528,8,g3528 g3167 g1883 g1797 g1070 g94 g1064 g102 
g3985,8,g3985 g3718 g3140 g2142 g2409 g1815 g1070 g94 
g3503,8,g3503 g3122 g3132 g2435 g2306 g1394 g1206 I2212 
I5759,8,I5759 g3836 I5033 g3527 I4743 g2594 I3723 g2158 
g6740,8,g6740 g6703 g6692 g6615 I8707 g6616 I8710 g6520 
g4532,8,g4532 I6108 g4403 I5904 g3749 g2793 g3371 g2904 
g6798,8,g6798 g6781 g6748 g6732 I8888 g6708 I8834 g6733 
g6918,8,g6918 g6913 g6911 g6898 I9161 g6880 I9107 g6900 
g6892,8,g6892 I9143 g6886 I9125 g6855 g6851 g6846 g6834 
g6891,8,g6891 I9140 g6888 I9131 g6855 g6851 g6846 g6834 
g6896,8,g6896 I9155 g6882 I9113 g6855 g6851 g6846 g6834 
g6894,8,g6894 I9149 g6884 I9119 g6855 g6851 g6846 g6834 
g4720,8,g4720 I6340 g4561 g4189 I5597 g3821 g3466 I4706 
g161[IL],1,g161[IL] 
g4937,8,g4937 g4732 I6362 g4569 I6143 g4237 g4017 g4049 
g4860,8,g4860 g4735 g4577 g4202 I5622 g4488 g3914 I5153 
I6763,8,I6763 g4780 I6434 g4622 g4252 I5708 g3942 g3575 
g64[IL],1,g64[IL] 
g5414,8,g5414 g5278 I6937 g5124 I6780 g4825 g4465 g4472 
g5016,8,g5016 g4789 g4632 g4281 I5736 g4592 g4022 I5328 
I6759,8,I6759 g4778 I6430 g4620 g4251 I5705 g3942 g3575 
g59[IL],1,g59[IL] 
g5410,8,g5410 g5274 I6933 g5124 I6780 g4825 g4465 g4472 
g5015,8,g5015 g4787 g4628 g4273 I5728 g4588 g4022 I5328 
g1555,4,g1555 I2521 g1063 g675[IL] 
g3974,8,g3974 I5244 I5243 I5242 g3247 g3242 g2973 I4170 
I5658,8,I5658 I5657 g3979 I5259 I5258 I5257 g3719 g3714 
g3979,8,g3979 I5259 I5258 I5257 g3719 g3714 g3053 I4276 
I5657,8,I5657 g3979 I5259 I5258 I5257 g3719 g3714 g3983 
g1042,6,g1042 I2074 I2073 I2072 g11[IL] g15[IL] 
I2506,8,I2506 g1044 I2082 I2081 I2080 g19[IL] g25[IL] g1047 
g1047,6,g1047 I2091 I2090 I2089 g29[IL] g33[IL] 
g2381,7,g2381 I3528 g1422 g913 g658[IL] g1039 g662[IL] 
g1775,4,g1775 g952 I2029 g677[IL] 
g5866,8,g5866 g5649 I7404 g5541 g5388 g5318 g5060 g4819 
g1734,4,g1734 g952 I2029 g677[IL] 
g5869,8,g5869 g5649 I7404 g5541 g5388 g5318 g5060 g4819 
g1529,4,g1529 g1076 I2115 g687[IL] 
g2081,8,g2081 g1546 g1101 I2125 g698[IL] g1094 I2122 g689[IL] 
g6461,8,g6461 g6353 I8113 g6147 I7871 g6097 g6351 I8107 
g4941,8,g4941 g4832 g4829 g4512 I6048 g4376 I5843 g3851 
g4835,8,g4835 g4530 I6102 g4399 I5896 g3879 g4533 I6111 
g6518,8,g6518 I8470 g6461 g6353 I8113 g6147 I7871 g6097 
I8482,8,I8482 g6461 g6353 I8113 g6147 I7871 g6097 g6351 
g3375,8,g3375 g2912 g2001 I3112 g1439 I2449 g971 g658[IL] 
g1690,5,g1690 I2692 g1037 I2067 g686[IL] 
g4948,8,g4948 g4836 g4834 g4523 I6081 g4388 I5871 g3744 
g6719,8,g6719 g6665 I8779 I8778 g6652 I8752 g6514 I8462 
g6665,8,g6665 I8779 I8778 g6652 I8752 g6514 I8462 g6430 
I8897,8,I8897 g6707 I8831 g6665 I8779 I8778 g6652 I8752 
g6906,8,g6906 I9185 g6877 I9098 g6864 g6852 g6847 g6837 
g6905,8,g6905 I9182 g6879 I9104 g6864 g6852 g6847 g6837 
g6864,8,g6864 g6852 g6847 g6837 g6822 g6786 I8946 g6778 
I9176,8,I9176 g6881 I9110 g6864 g6852 g6847 g6837 g6822 
g2089,8,g2089 g1578 I2552 g971 g658[IL] g1123 I2165 g690[IL] 
g2295,5,g2295 g1578 I2552 g971 g658[IL] 
g5861,8,g5861 g5636 g5564 g5382 I7042 g5310 g5067 g4801 
g1417,5,g1417 g889 g873 g310 g306 
g1978,6,g1978 g1387 g862 g319 g301 g314 
g3694,8,g3694 g3147 g2419 g1808 g706 I1825 g361[IL] g49[IL] 
g949,2,g949 g79[IL] 
g947,2,g947 g74[IL] 
g942,2,g942 g69[IL] 
g940,2,g940 g64[IL] 
g938,2,g938 g59[IL] 
g931,2,g931 g54[IL] 
g1624,4,g1624 I2581 g946 g361[IL] 
g929,2,g929 g49[IL] 
g3215,8,g3215 g2340 g1387 g862 g319 g1398 g889 g310 
g3955,8,g3955 I5189 I5188 I5187 g3593 g3589 g2997 I4192 
g3957,8,g3957 I5197 I5196 I5195 g3567 g3571 g3074 I4303 
g3961,8,g3961 I5209 I5208 I5207 g3271 g3267 g3042 I4261 
g3259,8,g3259 g2996 I4189 g2159 I3284 g1702 g1107 I2131 
g3983,8,g3983 I5271 I5270 I5269 g3710 g3705 g3029 I4240 
g3714,8,g3714 g3041 I4258 g2169 I3298 g1725 g1113 I2147 
g5170,8,g5170 g5091 g4701 g4596 g4698 g4586 g4186 g3973 
g5094,8,g5094 g4686 g4590 g4685 g4591 g4172 g3930 g3328 
g1384,5,g1384 I2420 g791 I1865 g279[IL] 
g4685,8,g4685 g4591 g4181 g3939 g3351 g2760 g3340 g2772 
g4686,8,g4686 g4590 g4172 g3930 g3328 g2701 g3317 g2722 
g5162,8,g5162 g5088 g4697 g4589 g4691 g4581 g4183 g3965 
g1375,5,g1375 I2411 g736 I1841 g207[IL] 
g4683,8,g4683 g4585 g4177 g3933 g3336 g3327 g4171 g3956 
g4684,8,g4684 g4584 g4168 g3925 g3315 g3303 g4164 g3958 
g4584,8,g4584 g4168 g3925 g3315 g3303 g4164 g3958 g3326 
g1341,5,g1341 I2376 g729 I1838 g206[IL] 
g1822,5,g1822 g1084 g1070 g98 g94 
g865,2,g865 g188[IL] 
g3953,8,g3953 g3554 g2941 g2166 g1633 g716 I1832 g143[IL] 
g2951,8,g2951 g2142 g1777 g1060 g107 g1793 g1084 g98 
g861,2,g861 g179[IL] 
g857,2,g857 g170[IL] 
g1255,2,g1255 g161[IL] 
g1254,2,g1254 g152[IL] 
g5705,8,g5705 I7466 g5624 g5494 g5443 g5251 g5069 g4688 
g2317,7,g2317 I3471 g1450 I2453 g952 I2029 g677[IL] 
g2691,8,g2691 g2317 I3471 g1450 I2453 g952 I2029 g677[IL] 
I4195,8,I4195 g2173 I3310 g1640 I2601 g1161 I2182 g692[IL] 
g1771,5,g1771 I2808 g1161 I2182 g692[IL] 
g1472,4,g1472 g952 I2029 g677[IL] 
g2357,7,g2357 I3509 g1461 I2460 g952 I2029 g677[IL] 
g2764,8,g2764 g2357 I3509 g1461 I2460 g952 I2029 g677[IL] 
I4351,8,I4351 g2233 I3364 g1648 I2623 g1161 I2182 g692[IL] 
g1814,5,g1814 I2873 g1161 I2182 g692[IL] 
g2308,7,g2308 I3452 g1450 I2453 g952 I2029 g677[IL] 
g2663,8,g2663 g2308 I3452 g1450 I2453 g952 I2029 g677[IL] 
I3836,8,I3836 g1832 I2910 g1645 I2614 g1123 I2165 g690[IL] 
g1789,5,g1789 I2839 g1123 I2165 g690[IL] 
g2327,7,g2327 I3481 g1461 I2460 g952 I2029 g677[IL] 
g2738,8,g2738 g2327 I3481 g1461 I2460 g952 I2029 g677[IL] 
I4019,8,I4019 g1841 I2929 g1659 I2638 g1123 I2165 g690[IL] 
g1824,5,g1824 I2890 g1123 I2165 g690[IL] 
g2903,6,g2903 g1902 I3001 g1267 g843 g574[IL] 
g1884,5,g1884 I2979 g1263 g846 g586[IL] 
g4461,8,g4461 g4241 g3341 g3774 g3016 g2998 I4223 g2176 
g2891,6,g2891 g1884 I2979 g1263 g846 g586[IL] 
g4442,8,g4442 g4239 g3296 g3054 g3763 g3064 I4279 g2230 
g4445,8,g4445 g4235 g3362 g3031 g3780 g3043 I4246 g2194 
g1937,5,g1937 I3044 g1257 g845 g582[IL] 
g3767,8,g3767 g2706 I3861 g1834 I2916 g1643 I2608 g1143 
g3319,8,g3319 g2688 I3836 g1832 I2910 g1645 I2614 g1123 
g2887,6,g2887 g1858 I2964 g1257 g845 g582[IL] 
g2622,7,g2622 I3764 g2044 I3161 g1270 g844 g578[IL] 
g3487,8,g3487 g2622 I3764 g2044 I3161 g1270 g844 g578[IL] 
I3629,6,I3629 g1759 I2782 g1177 I2193 g693[IL] 
g2612,7,g2612 I3752 g2044 I3161 g1270 g844 g578[IL] 
g3481,8,g3481 g2612 I3752 g2044 I3161 g1270 g844 g578[IL] 
I3590,6,I3590 g1781 I2825 g1143 I2172 g691[IL] 
g2902,6,g2902 g1899 I2998 g1257 g845 g582[IL] 
g2647,7,g2647 I3791 g2044 I3161 g1270 g844 g578[IL] 
g3500,8,g3500 g2647 I3791 g2044 I3161 g1270 g844 g578[IL] 
I3816,8,I3816 g2580 I3691 g1732 I2738 g1236 I2234 g697[IL] 
I3684,6,I3684 g1733 I2741 g1222 I2225 g696[IL] 
g2634,7,g2634 I3776 g2044 I3161 g1270 g844 g578[IL] 
g3498,8,g3498 g2634 I3776 g2044 I3161 g1270 g844 g578[IL] 
I3788,8,I3788 g2554 I3669 g1739 I2749 g1209 I2215 g695[IL] 
I3647,6,I3647 g1747 I2760 g1193 I2204 g694[IL] 
I4210,8,I4210 g2294 g1716 g821 I1880 g276[IL] g774 I1859 
g2320,7,g2320 I3474 g1450 I2453 g952 I2029 g677[IL] 
g2712,8,g2712 g2320 I3474 g1450 I2453 g952 I2029 g677[IL] 
I4223,8,I4223 g2176 I3319 g1636 I2593 g1177 I2193 g693[IL] 
g2378,7,g2378 I3525 g1461 I2460 g952 I2029 g677[IL] 
g2776,8,g2776 g2378 I3525 g1461 I2460 g952 I2029 g677[IL] 
I4366,8,I4366 g2244 I3379 g1647 I2620 g1177 I2193 g693[IL] 
g1811,5,g1811 I2864 g1177 I2193 g693[IL] 
g2481,7,g2481 I3608 g1461 I2460 g952 I2029 g677[IL] 
g2826,8,g2826 g2481 I3608 g1461 I2460 g952 I2029 g677[IL] 
I4402,8,I4402 g2283 I3428 g1825 I2893 g1236 I2234 g697[IL] 
g1762,5,g1762 I2791 g1236 I2234 g697[IL] 
g557,1,g557 
g2361,7,g2361 I3513 g1450 I2453 g952 I2029 g677[IL] 
g2766,8,g2766 g2361 I3513 g1450 I2453 g952 I2029 g677[IL] 
I4291,8,I4291 g2241 I3370 g1805 I2854 g1236 I2234 g697[IL] 
g2457,7,g2457 I3587 g1461 I2460 g952 I2029 g677[IL] 
g2813,8,g2813 g2457 I3587 g1461 I2460 g952 I2029 g677[IL] 
I4391,8,I4391 g2275 I3422 g1641 I2604 g1222 I2225 g696[IL] 
g1774,5,g1774 I2817 g1222 I2225 g696[IL] 
g558,1,g558 
g2347,7,g2347 I3499 g1450 I2453 g952 I2029 g677[IL] 
g2754,8,g2754 g2347 I3499 g1450 I2453 g952 I2029 g677[IL] 
I4279,8,I4279 g2230 I3355 g1608 I2570 g1222 I2225 g696[IL] 
g2949,8,g2949 g1861 I2967 g1682 g829 g323[IL] g830 g338[IL] 
g1316,7,g1316 I2301 I2300 I2299 g830 g338[IL] g341[IL] 
g4656,8,g4656 g4369 g3364 g3999 g3662 g3699 g3114 I4362 
g4654,8,g4654 g4362 g3355 g3996 g3654 g3691 g3100 I4347 
g3635,8,g3635 g3079 I4312 g2555 I3672 g1656 I2635 g1055 
g3679,8,g3679 g2803 g2440 I3575 g1305 I2293 g971 g658[IL] 
g3144,8,g3144 g2440 I3575 g1305 I2293 g971 g658[IL] g236[IL] 
g4358,8,g4358 g3343 g3991 g3685 g3090 I4331 g2818 g2464 
g3645,8,g3645 g3090 I4331 g2555 I3672 g1656 I2635 g1055 
g4642,8,g4642 g4348 g3322 g3987 g3628 g3669 g3070 I4297 
g4638,8,g4638 g4345 g3308 g3982 g3620 g3663 g3060 I4285 
g3611,8,g3611 g3037 I4252 g2555 I3672 g1656 I2635 g1055 
g3646,8,g3646 g2756 g2353 I3505 g1305 I2293 g971 g658[IL] 
g3103,8,g3103 g2353 I3505 g1305 I2293 g971 g658[IL] g212[IL] 
g4342,8,g4342 g3299 g3978 g3655 g3049 I4270 g2768 g2367 
g3616,8,g3616 g3049 I4270 g2555 I3672 g1656 I2635 g1055 
g2356,6,g2356 g1603 g1039 g662[IL] g658[IL] g269[IL] 
g6075,8,g6075 g5863 g5649 I7404 g5541 g5388 g5318 g5060 
I8093,8,I8093 g6122 I7838 g5947 g5821 g5638 I7397 g5561 
g3190,8,g3190 g2535 I3653 g1305 I2293 g971 g658[IL] g260[IL] 
g2284,5,g2284 I3431 g1275 g842 g571[IL] 
g2839,7,g2839 g2535 I3653 g1305 I2293 g971 g658[IL] 
g4653,8,g4653 g4361 g3354 g3995 g3652 g3690 g3096 I4343 
g4651,8,g4651 g4357 g3342 g3990 g3643 g3684 g3086 I4327 
g3627,8,g3627 g3067 I4294 g2525 I3650 g1650 I2627 g1053 
g3667,8,g3667 g2789 g2410 I3550 g1295 I2290 g971 g658[IL] 
g3133,8,g3133 g2410 I3550 g1295 I2290 g971 g658[IL] g236[IL] 
g4352,8,g4352 g3331 g3988 g3678 g3076 I4309 g2802 g2437 
g3633,8,g3633 g3076 I4309 g2525 I3650 g1650 I2627 g1053 
g4637,8,g4637 g4344 g3306 g3981 g3619 g3661 g3057 I4282 
g4634,8,g4634 g4341 g3297 g3977 g3615 g3653 g3046 I4267 
g3603,8,g3603 g3019 I4226 g2525 I3650 g1650 I2627 g1053 
g3634,8,g3634 g2744 g2336 I3488 g1295 I2290 g971 g658[IL] 
g3089,8,g3089 g2336 I3488 g1295 I2290 g971 g658[IL] g212[IL] 
g4339,8,g4339 g3289 g3971 g3644 g3034 I4249 g2755 g2350 
g3610,8,g3610 g3034 I4249 g2525 I3650 g1650 I2627 g1053 
g2339,6,g2339 g1603 g1039 g662[IL] g658[IL] g197[IL] 
g6073,8,g6073 g5862 g5649 I7404 g5541 g5388 g5318 g5060 
I8089,8,I8089 g6120 I7832 g5943 g5818 g5638 I7397 g5561 
g3110,8,g3110 I4358 g2525 I3650 g1650 I2627 g1053 g197[IL] 
g3180,8,g3180 g2506 I3632 g1295 I2290 g971 g658[IL] g260[IL] 
g2835,7,g2835 g2506 I3632 g1295 I2290 g971 g658[IL] 
g1407,4,g1407 g866 g314 g301 
g905,3,g905 g319 g301 
g4590,8,g4590 g4172 g3930 g3328 g2701 g3317 g2722 g4169 
g1348,5,g1348 I2385 g784 I1862 g278[IL] 
I4182,8,I4182 g2292 g1706 g766 I1856 g204[IL] g719 I1835 
g2333,7,g2333 I3485 g1450 I2453 g952 I2029 g677[IL] 
g2743,8,g2743 g2333 I3485 g1450 I2453 g952 I2029 g677[IL] 
I4264,8,I4264 g2212 I3343 g1623 I2578 g1209 I2215 g695[IL] 
g2430,7,g2430 I3563 g1461 I2460 g952 I2029 g677[IL] 
g2800,8,g2800 g2430 I3563 g1461 I2460 g952 I2029 g677[IL] 
I4382,8,I4382 g2265 I3408 g1644 I2611 g1209 I2215 g695[IL] 
g1787,5,g1787 I2835 g1209 I2215 g695[IL] 
g2312,7,g2312 I3462 g1450 I2453 g952 I2029 g677[IL] 
g2678,8,g2678 g2312 I3462 g1450 I2453 g952 I2029 g677[IL] 
g2343,7,g2343 I3493 g1461 I2460 g952 I2029 g677[IL] 
g2752,8,g2752 g2343 I3493 g1461 I2460 g952 I2029 g677[IL] 
I4031,8,I4031 g1846 I2940 g1653 I2630 g1143 I2172 g691[IL] 
g1821,5,g1821 I2883 g1143 I2172 g691[IL] 
g2324,7,g2324 I3478 g1450 I2453 g952 I2029 g677[IL] 
g2727,8,g2727 g2324 I3478 g1450 I2453 g952 I2029 g677[IL] 
I4246,8,I4246 g2194 I3331 g1631 I2588 g1193 I2204 g694[IL] 
g2405,7,g2405 I3543 g1461 I2460 g952 I2029 g677[IL] 
g2787,8,g2787 g2405 I3543 g1461 I2460 g952 I2029 g677[IL] 
I4375,8,I4375 g2254 I3391 g1646 I2617 g1193 I2204 g694[IL] 
g1792,5,g1792 I2848 g1193 I2204 g694[IL] 
g921,2,g921 g111[IL] 
g1802,4,g1802 g1064 g102 g89 
g1157,3,g1157 g107 g89 
g6457,8,g6457 g6352 I8110 g6143 I7865 g6095 g6347 I8103 
g4936,8,g4936 g4828 g4827 g4508 I6036 g4370 I5831 g3842 
g4831,8,g4831 g4524 I6084 g4391 I5876 g3870 g4528 I6096 
g6517,8,g6517 I8467 g6457 g6352 I8110 g6143 I7865 g6095 
I8476,8,I8476 g6457 g6352 I8110 g6143 I7865 g6095 g6347 
g1991,6,g1991 I3102 g1426 I2445 g971 g658[IL] 
g4946,8,g4946 g4833 g4830 g4516 I6060 g4380 I5851 g3739 
g6718,8,g6718 g6661 I8774 I8773 g6649 I8745 g6513 I8459 
g6661,8,g6661 I8774 I8773 g6649 I8745 g6513 I8459 g6427 
I8891,8,I8891 g6706 I8828 g6661 I8774 I8773 g6649 I8745 
g6904,8,g6904 I9179 g6875 I9092 g6855 g6851 g6846 g6834 
g6902,8,g6902 I9173 g6876 I9095 g6855 g6851 g6846 g6834 
g6855,8,g6855 g6851 g6846 g6834 g6821 g6785 I8943 g6774 
I9167,8,I9167 g6878 I9101 g6855 g6851 g6846 g6834 g6821 
g2085,8,g2085 g1567 I2537 g971 g658[IL] g1123 I2165 g690[IL] 
g2293,5,g2293 g1567 I2537 g971 g658[IL] 
g5860,8,g5860 g5634 g5563 g5381 I7039 g5309 g5063 g4799 
g3083,8,g3083 I4318 g2171 I3304 g1740 g1116 I2154 g14[IL] 
g2954,8,g2954 g2381 I3528 g1422 g913 g658[IL] g1039 g662[IL] 
g6136,8,g6136 I7856 g5994 g5873 g5649 I7404 g5541 g5388 
g4517,8,g4517 I6063 g4381 I5854 g3857 g3161 g3687 g2397 
g4526,8,g4526 I6090 g4393 I5882 g3871 g3186 g3701 g2449 
g4522,8,g4522 I6078 g4387 I5868 g3864 g3176 g3693 g2422 
g3681,8,g3681 g2806 g2446 I3581 g1491 I2476 g971 g658[IL] 
g3146,8,g3146 g2370 I3522 g1664 I2643 g965 I2033 g678[IL] 
g3704,8,g3704 g2841 g2541 I3659 g1491 I2476 g971 g658[IL] 
g3195,8,g3195 g2473 I3605 g1681 I2663 g1006 I2047 g682[IL] 
g4404,8,g4404 I5907 g3883 g3203 g3709 g2497 I3626 g1684 
g4527,8,g4527 I6093 g4394 I5885 g3746 g2771 g3357 g2889 
g4534,8,g4534 I6114 g4405 I5910 g3750 g2794 g2544 I3662 
g4531,8,g4531 I6105 g4400 I5899 g3748 g2782 g2518 I3644 
g3345,8,g3345 g2886 g1966 I3077 g1439 I2449 g971 g658[IL] 
g2759,8,g2759 g2473 I3605 g1681 I2663 g1006 I2047 g682[IL] 
g4518,8,g4518 I6066 g4382 I5857 g3740 g2747 g3335 g2884 
g6605,8,g6605 I8681 g6566 I8582 g6439 g6385 g6271 g5885 
g6656,8,g6656 I8764 g6564 I8576 g6436 g6385 g6271 g5885 
g6654,8,g6654 I8758 g6562 I8570 g6433 g6385 g6271 g5885 
g6612,8,g6612 I8702 g6572 I8600 g6451 g6385 g6271 g5885 
g6611,8,g6611 I8699 g6573 I8603 g6449 g6385 g6271 g5885 
g6609,8,g6609 I8693 g6570 I8594 g6446 g6385 g6271 g5885 
g6607,8,g6607 I8687 g6568 I8588 g6443 g6385 g6271 g5885 
g6430,8,g6430 g6385 g6271 g5885 g5865 g5649 I7404 g5541 
g3733,8,g3733 g2733 g3325 g2876 g1943 I3050 g1439 I2449 
g4092,8,g4092 g2721 g3311 g2872 g1922 I3025 g1439 I2449 
g4080,8,g4080 g2700 g3302 g2867 g1908 I3007 g1439 I2449 
g4769,8,g4769 g4606 g4193 I5609 g3893 g3647 g3656 g3664 
g4487,8,g4487 I5991 g4226 g4050 I5360 I5359 g3544 g2594 
g3094,8,g3094 I4337 g1934 I3037 g1769 I2802 g1204 g39 
g3084,8,g3084 I4321 g1917 I3016 g1754 I2773 g1191 g38 
g3030,8,g3030 I4243 g1853 I2955 g1729 I2731 g1117 g32 
g3014,8,g3014 I4217 g2163 I3288 g1710 g1109 I2137 g1[IL] 
g2111,6,g2111 g1384 I2420 g791 I1865 g279[IL] 
g1378,5,g1378 I2414 g784 I1862 g278[IL] 
g4184,8,g4184 g3934 g3379 g3104 g3377 g3118 I4351 g2233 
g2106,6,g2106 g1378 I2414 g784 I1862 g278[IL] 
g4161,8,g4161 g3931 g3361 g3150 g3353 g3162 I4391 g2275 
g4165,8,g4165 g3927 g3383 g3128 g3382 g3136 I4375 g2254 
g1395,5,g1395 I2428 g774 I1859 g277[IL] 
g3368,8,g3368 g2822 I4031 g1846 I2940 g1653 I2630 g1143 
g3374,8,g3374 g2809 I4019 g1841 I2929 g1659 I2638 g1123 
g4169,8,g4169 g3966 g3339 g2734 g3329 g2748 I3902 g2576 
g2079,6,g2079 g1348 I2385 g784 I1862 g278[IL] 
g4178,8,g4178 g3959 g3360 g2783 g3352 g2796 I3979 g1836 
g1366,5,g1366 I2402 g774 I1859 g277[IL] 
g1894,7,g1894 I2989 g1519 I2491 g821 I1880 g276[IL] 
g1381,5,g1381 I2417 g774 I1859 g277[IL] 
g1931,7,g1931 I3034 g1519 I2491 g821 I1880 g276[IL] 
g2915,8,g2915 g1931 I3034 g1519 I2491 g821 I1880 g276[IL] 
g2895,8,g2895 g1894 I2989 g1519 I2491 g821 I1880 g276[IL] 
g2105,6,g2105 g1375 I2411 g736 I1841 g207[IL] 
g1363,5,g1363 I2399 g729 I1838 g206[IL] 
g4180,8,g4180 g3929 g3376 g3373 g3104 g3118 I4351 g2233 
g2098,6,g2098 g1363 I2399 g729 I1838 g206[IL] 
g4156,8,g4156 g3926 g3350 g3338 g3150 g3162 I4391 g2275 
g4160,8,g4160 g3923 g3381 g3378 g3128 g3136 I4375 g2254 
g1391,5,g1391 I2424 g719 I1835 g205[IL] 
g3359,8,g3359 g2822 I4031 g1846 I2940 g1653 I2630 g1143 
g3367,8,g3367 g2809 I4019 g1841 I2929 g1659 I2638 g1123 
g2066,6,g2066 g1341 I2376 g729 I1838 g206[IL] 
g1372,5,g1372 I2408 g719 I1835 g205[IL] 
g1911,7,g1911 I3010 g1504 I2485 g766 I1856 g204[IL] 
g2906,8,g2906 g1911 I3010 g1504 I2485 g766 I1856 g204[IL] 
g2104,6,g2104 g1372 I2408 g719 I1835 g205[IL] 
g3337,8,g3337 g2796 I3999 g1837 I2925 g1762 I2791 g1236 
g3349,8,g3349 g2783 I3979 g1836 I2922 g1774 I2817 g1222 
g1355,5,g1355 I2394 g719 I1835 g205[IL] 
g1875,7,g1875 I2970 g1504 I2485 g766 I1856 g204[IL] 
g2890,8,g2890 g1875 I2970 g1504 I2485 g766 I1856 g204[IL] 
g2091,6,g2091 g1355 I2394 g719 I1835 g205[IL] 
g3316,8,g3316 g2748 I3923 g2581 I3694 g1811 I2864 g1177 
g1891,7,g1891 I2986 g1504 I2485 g766 I1856 g204[IL] 
g2919,6,g2919 g1937 I3044 g1257 g845 g582[IL] 
g2709,7,g2709 I3864 g2044 I3161 g1270 g844 g578[IL] 
g3510,8,g3510 g2709 I3864 g2044 I3161 g1270 g844 g578[IL] 
g2882,6,g2882 g1854 I2958 g1257 g845 g582[IL] 
g2650,7,g2650 I3794 g2044 I3161 g1270 g844 g578[IL] 
g3501,8,g3501 g2650 I3794 g2044 I3161 g1270 g844 g578[IL] 
g2740,7,g2740 I3909 g2044 I3161 g1270 g844 g578[IL] 
g3519,8,g3519 g2740 I3909 g2044 I3161 g1270 g844 g578[IL] 
g3504,8,g3504 g2675 I3819 g2044 I3161 g1270 g844 g578[IL] 
g3181,8,g3181 g2509 I3635 g1305 I2293 g971 g658[IL] g254[IL] 
g2544,7,g2544 I3662 g1688 I2688 g1030 I2057 g685[IL] 
g2276,5,g2276 I3425 g1274 g856 g654[IL] 
g2836,7,g2836 g2509 I3635 g1305 I2293 g971 g658[IL] 
g3171,8,g3171 g2488 I3617 g1305 I2293 g971 g658[IL] g248[IL] 
g2518,7,g2518 I3644 g1685 I2671 g1017 I2053 g684[IL] 
g2268,5,g2268 I3419 g1287 g855 g650[IL] 
g2828,7,g2828 g2488 I3617 g1305 I2293 g971 g658[IL] 
g2245,5,g2245 I3382 g1284 g851 g606[IL] 
g3156,8,g3156 g2464 I3596 g1305 I2293 g971 g658[IL] g242[IL] 
g2256,5,g2256 I3395 g1286 g854 g646[IL] 
g2497,7,g2497 I3626 g1684 I2668 g1011 I2050 g683[IL] 
g3134,8,g3134 g2413 I3553 g1305 I2293 g971 g658[IL] g230[IL] 
g2449,7,g2449 I3584 g1678 I2658 g1001 I2044 g681[IL] 
g2234,5,g2234 I3367 g1283 g853 g642[IL] 
g2790,7,g2790 g2413 I3553 g1305 I2293 g971 g658[IL] 
g3127,8,g3127 g2394 I3537 g1305 I2293 g971 g658[IL] g224[IL] 
g2422,7,g2422 I3560 g1673 I2653 g996 I2041 g680[IL] 
g2215,5,g2215 I3352 g1285 g852 g634[IL] 
g2779,7,g2779 g2394 I3537 g1305 I2293 g971 g658[IL] 
g2179,5,g2179 I3328 g1273 g839 g567 
g3117,8,g3117 g2367 I3519 g1305 I2293 g971 g658[IL] g218[IL] 
g2197,5,g2197 I3340 g1282 g849 g598[IL] 
g2397,7,g2397 I3540 g1670 I2648 g980 I2037 g679[IL] 
g2068,8,g2068 g1541 g1546 g1101 I2125 g698[IL] g1094 I2122 
g2944,8,g2944 g2381 I3528 g1422 g913 g658[IL] g1039 g662[IL] 
g3170,8,g3170 g2485 I3614 g1295 I2290 g971 g658[IL] g254[IL] 
g2827,7,g2827 g2485 I3614 g1295 I2290 g971 g658[IL] 
g3155,8,g3155 g2461 I3593 g1295 I2290 g971 g658[IL] g248[IL] 
g2817,7,g2817 g2461 I3593 g1295 I2290 g971 g658[IL] 
g3143,8,g3143 g2437 I3572 g1295 I2290 g971 g658[IL] g242[IL] 
g3123,8,g3123 g2391 I3534 g1295 I2290 g971 g658[IL] g230[IL] 
g2778,7,g2778 g2391 I3534 g1295 I2290 g971 g658[IL] 
g3113,8,g3113 g2364 I3516 g1295 I2290 g971 g658[IL] g224[IL] 
g2767,7,g2767 g2364 I3516 g1295 I2290 g971 g658[IL] 
g3099,8,g3099 g2350 I3502 g1295 I2290 g971 g658[IL] g218[IL] 
g2940,8,g2940 g2381 I3528 g1422 g913 g658[IL] g1039 g662[IL] 
g2099,6,g2099 g1366 I2402 g774 I1859 g277[IL] 
g2952,8,g2952 g2381 I3528 g1422 g913 g658[IL] g1039 g662[IL] 
g6134,8,g6134 I7852 g5993 g5872 g5649 I7404 g5541 g5388 
g4510,8,g4510 I6042 g4374 I5837 g3850 g3145 g3680 g2805 
g4520,8,g4520 I6072 g4385 I5862 g3863 g3172 g3692 g2829 
g4515,8,g4515 I6057 g4379 I5848 g3856 g3157 g3686 g2819 
g3670,8,g3670 g2792 g2416 I3556 g1484 I2473 g971 g658[IL] 
g3135,8,g3135 g2370 I3522 g1664 I2643 g965 I2033 g678[IL] 
g3700,8,g3700 g2837 g2512 I3638 g1484 I2473 g971 g658[IL] 
g3182,8,g3182 g2473 I3605 g1681 I2663 g1006 I2047 g682[IL] 
g4397,8,g4397 I5890 g3878 g3191 g3703 g2840 g2538 I3656 
g4521,8,g4521 I6075 g4386 I5865 g3743 g2758 g3344 g2885 
g4529,8,g4529 I6099 g4398 I5893 g3747 g2781 g3365 g2892 
g4525,8,g4525 I6087 g4392 I5879 g3745 g2770 g3356 g2888 
g3334,8,g3334 g2883 g1954 I3065 g1426 I2445 g971 g658[IL] 
g2746,8,g2746 g2473 I3605 g1681 I2663 g1006 I2047 g682[IL] 
g4511,8,g4511 I6045 g4375 I5840 g3732 g2732 g3324 g2875 
g6655,8,g6655 I8761 g6563 I8573 g6435 g6376 g6267 g5884 
g6653,8,g6653 I8755 g6561 I8567 g6432 g6376 g6267 g5884 
g6651,8,g6651 I8749 g6560 I8564 g6429 g6376 g6267 g5884 
g6610,8,g6610 I8696 g6569 I8591 g6448 g6376 g6267 g5884 
g6608,8,g6608 I8690 g6571 I8597 g6445 g6376 g6267 g5884 
g6606,8,g6606 I8684 g6567 I8585 g6442 g6376 g6267 g5884 
g6604,8,g6604 I8678 g6565 I8579 g6438 g6376 g6267 g5884 
g6427,8,g6427 g6376 g6267 g5884 g5864 g5649 I7404 g5541 
g4086,8,g4086 g2720 g3310 g2871 g1919 I3022 g1426 I2445 
g4074,8,g4074 g2699 g3301 g2866 g1905 I3004 g1426 I2445 
g4068,8,g4068 g2685 g3293 g2864 g1887 I2982 g1426 I2445 
g4767,8,g4767 g4601 g4191 I5603 g3893 g3647 g3656 g3664 
g4485,8,g4485 I5987 g4224 g4046 I5352 I5351 g3538 g3535 
g1564,4,g1564 g1030 I2057 g685[IL] 
g2470,6,g2470 I3602 g1491 I2476 g971 g658[IL] 
g2820,7,g2820 g2470 I3602 g1491 I2476 g971 g658[IL] 
g2515,6,g2515 I3641 g1491 I2476 g971 g658[IL] 
g2838,7,g2838 g2515 I3641 g1491 I2476 g971 g658[IL] 
g2494,6,g2494 I3623 g1491 I2476 g971 g658[IL] 
g2830,7,g2830 g2494 I3623 g1491 I2476 g971 g658[IL] 
g2565,6,g2565 I3675 g1491 I2476 g971 g658[IL] 
g2845,7,g2845 g2565 I3675 g1491 I2476 g971 g658[IL] 
g1975,6,g1975 I3086 g1439 I2449 g971 g658[IL] 
g3372,8,g3372 g2905 g1994 I3105 g1439 I2449 g971 g658[IL] 
g3366,8,g3366 g2893 g1985 I3096 g1439 I2449 g971 g658[IL] 
g1957,6,g1957 I3068 g1439 I2449 g971 g658[IL] 
g4328,8,g4328 g4092 g2721 g3311 g2872 g1922 I3025 g1439 
g4314,8,g4314 g4080 g2700 g3302 g2867 g1908 I3007 g1439 
g2955,8,g2955 g2381 I3528 g1422 g913 g658[IL] g1039 g662[IL] 
g4334,8,g4334 g3733 g2733 g3325 g2876 g1943 I3050 g1439 
g2731,8,g2731 I3895 I3894 I3893 g2422 I3560 g1673 I2653 
g2719,8,g2719 I3876 I3875 I3874 g2397 I3540 g1670 I2648 
g2698,8,g2698 I3848 I3847 I3846 g2370 I3522 g1664 I2643 
g2769,8,g2769 I3954 I3953 I3952 g2497 I3626 g1684 I2668 
g2757,8,g2757 I3935 I3934 I3933 g2473 I3605 g1681 I2663 
g2745,8,g2745 I3916 I3915 I3914 g2449 I3584 g1678 I2658 
g2804,8,g2804 I4010 I4009 I4008 g2568 I3678 g1690 I2692 
g2791,8,g2791 I3990 I3989 I3988 g2544 I3662 g1688 I2688 
g2780,8,g2780 I3972 I3971 I3970 g2518 I3644 g1685 I2671 
g3532,8,g3532 g3212 I4455 g2118 I3247 g1791 I2845 g1193 
g3536,8,g3536 g3219 I4462 g2135 I3261 g1783 I2831 g1209 
g3539,8,g3539 g2591 I3720 g2155 I3274 g1773 I2814 g1222 
g3518,8,g3518 g3177 I4414 g2090 I3206 g1823 I2887 g1123 
g3521,8,g3521 g3187 I4424 g2097 I3215 g1820 I2880 g1143 
g3526,8,g3526 g3196 I4433 g2103 I3225 g1813 I2870 g1161 
g3530,8,g3530 g3204 I4441 g2109 I3235 g1807 I2860 g1177 
g2136,6,g2136 g1395 I2428 g774 I1859 g277[IL] 
g1988,7,g1988 I3099 g1519 I2491 g821 I1880 g276[IL] 
g2931,8,g2931 g1988 I3099 g1519 I2491 g821 I1880 g276[IL] 
g2087,6,g2087 g1352 I2391 g774 I1859 g277[IL] 
g1950,7,g1950 I3059 g1519 I2491 g821 I1880 g276[IL] 
g2921,8,g2921 g1950 I3059 g1519 I2491 g821 I1880 g276[IL] 
g2004,7,g2004 I3115 g1519 I2491 g821 I1880 g276[IL] 
g2934,8,g2934 g2004 I3115 g1519 I2491 g821 I1880 g276[IL] 
g2923,8,g2923 g1969 I3080 g1519 I2491 g821 I1880 g276[IL] 
g1914,7,g1914 I3013 g1519 I2491 g821 I1880 g276[IL] 
g2907,8,g2907 g1914 I3013 g1519 I2491 g821 I1880 g276[IL] 
g2110,6,g2110 g1381 I2417 g774 I1859 g277[IL] 
g1947,7,g1947 I3056 g1519 I2491 g821 I1880 g276[IL] 
g2920,8,g2920 g1947 I3056 g1519 I2491 g821 I1880 g276[IL] 
g2119,6,g2119 g1391 I2424 g719 I1835 g205[IL] 
g1979,7,g1979 I3090 g1504 I2485 g766 I1856 g204[IL] 
g2927,8,g2927 g1979 I3090 g1504 I2485 g766 I1856 g204[IL] 
g2078,6,g2078 g1345 I2382 g719 I1835 g205[IL] 
g1928,7,g1928 I3031 g1504 I2485 g766 I1856 g204[IL] 
g2914,8,g2914 g1928 I3031 g1504 I2485 g766 I1856 g204[IL] 
g1998,7,g1998 I3109 g1504 I2485 g766 I1856 g204[IL] 
g2932,8,g2932 g1998 I3109 g1504 I2485 g766 I1856 g204[IL] 
g2922,8,g2922 g1960 I3071 g1504 I2485 g766 I1856 g204[IL] 
g2913,8,g2913 g1925 I3028 g1504 I2485 g766 I1856 g204[IL] 
g2894,8,g2894 g1891 I2986 g1504 I2485 g766 I1856 g204[IL] 
g1557,4,g1557 g1017 I2053 g684[IL] 
g2443,6,g2443 I3578 g1484 I2473 g971 g658[IL] 
g2491,6,g2491 I3620 g1484 I2473 g971 g658[IL] 
g2467,6,g2467 I3599 g1484 I2473 g971 g658[IL] 
g1963,6,g1963 I3074 g1426 I2445 g971 g658[IL] 
g1982,6,g1982 I3093 g1426 I2445 g971 g658[IL] 
g1972,6,g1972 I3083 g1426 I2445 g971 g658[IL] 
g1940,6,g1940 I3047 g1426 I2445 g971 g658[IL] 
g4309,8,g4309 g4074 g2699 g3301 g2866 g1905 I3004 g1426 
g4302,8,g4302 g4068 g2685 g3293 g2864 g1887 I2982 g1426 
g2953,8,g2953 g2381 I3528 g1422 g913 g658[IL] g1039 g662[IL] 
g4323,8,g4323 g4086 g2720 g3310 g2871 g1919 I3022 g1426 
g3529,8,g3529 g3200 I4437 g2108 I3232 g1782 I2828 g1193 
g3531,8,g3531 g3209 I4452 g2117 I3244 g1772 I2811 g1209 
g3511,8,g3511 g3158 I4398 g2086 I3198 g1819 I2877 g1123 
g3517,8,g3517 g3173 I4410 g2088 I3202 g1812 I2867 g1143 
g3520,8,g3520 g3183 I4420 g2096 I3212 g1806 I2857 g1161 
g3525,8,g3525 g3192 I4429 g2102 I3222 g1790 I2842 g1177 
g2968,6,g2968 g2179 I3328 g1273 g839 g567 
g286[IL],1,g286[IL] 
g285[IL],1,g285[IL] 
g284[IL],1,g284[IL] 
g289[IL],1,g289[IL] 
g288[IL],1,g288[IL] 
g287[IL],1,g287[IL] 
g292[IL],1,g292[IL] 
g291[IL],1,g291[IL] 
g290[IL],1,g290[IL] 
g3007,6,g3007 g2197 I3340 g1282 g849 g598[IL] 
g2981,6,g2981 g2179 I3328 g1273 g839 g567 
g3023,6,g3023 g2215 I3352 g1285 g852 g634[IL] 
g2976,6,g2976 g2197 I3340 g1282 g849 g598[IL] 
g3002,6,g3002 g2215 I3352 g1285 g852 g634[IL] 
